Cat. 4 Men,TREFRY,TREY,111,13915,2017-09-17 09:17:29.760000,0:05:32.550000,0:05:33.270000,0:07:17.450000,0:06:08.260000,0:05:56.500000,0:05:43.250000,2017-09-17 09:53:41.040000
Cat. 4 Men,SPRANGER,JACK,203,8836,2017-09-17 09:17:30.060000,0:05:32.750000,0:07:01.210000,0:06:08.810000,0:05:57.700000,0:05:53.260000,0:05:56.010000,2017-09-17 09:53:59.800000
Cat. 4 Men,BARON,THOMAS,9,10988,2017-09-17 09:17:32.770000,0:05:29.500000,0:05:33,0:05:44.260000,0:05:54.500000,0:06:01.760000,0:05:50.810000,2017-09-17 09:52:06.600000
Cat. 4 Men,STREFLING,PAUL,10,9983,2017-09-17 09:17:34.020000,0:05:33.990000,0:05:42.260000,0:05:53.250000,0:06:01.760000,0:05:58.250000,0:05:53.520000,2017-09-17 09:52:37.050000
Cat. 4 Men,HU,BENNETT,336,9955,2017-09-17 09:17:37.010000,0:05:45.760000,0:05:52.260000,0:06:02.760000,0:06:07.490000,0:06:06.770000,0:05:57.490000,2017-09-17 09:53:29.540000
Cat. 4 Men,MEULEMAN,MARK,297,10174,2017-09-17 09:17:37.320000,0:06:13.700000,0:06:02.750000,2017-09-17 09:29:53.770000
Cat. 4 Men,BRUGMANS,MAARTEN,55,229,2017-09-17 09:17:37.320000,0:05:40.940000,0:05:48.010000,0:05:52.260000,0:06:02.260000,0:05:57.260000,0:05:58.240000,2017-09-17 09:52:56.290000
Cat. 4 Men,CHATEN,MICHAEL,8,9928,2017-09-17 09:17:37.510000,0:05:49.760000,0:06:05.260000,0:05:57.490000,0:06:07.520000,0:06:03,0:05:52.260000,2017-09-17 09:53:32.800000
Cat. 4 Men,BOUWKAMP,BRANDON,72,12748,2017-09-17 09:17:37.570000,0:05:51.200000,0:05:58,0:06:04.070000,0:06:13.700000,0:06:05.550000,0:06:10.010000,2017-09-17 09:54:00.100000
Cat. 4 Men,GIZINSKI,CONNOR,78,11783,2017-09-17 09:17:38.520000,0:05:58.810000,0:06:01.690000,0:06:01.770000,0:06:02.990000,0:06:09.520000,0:05:53.500000,2017-09-17 09:53:46.800000
Cat. 4 Men,GILES,BUCK,12,13750,2017-09-17 09:17:39.510000,0:06:05.750000,0:06:10.510000,0:07:33.570000,0:07:03.700000,0:06:49.250000,0:06:52.520000,2017-09-17 09:58:14.810000
Cat. 4 Men,RIVAS,MARIO,7,13332,2017-09-17 09:17:41.260000,0:05:53.750000,0:05:56.770000,0:06:06,0:06:05.500000,0:06:06.260000,0:06:07.760000,2017-09-17 09:53:57.300000
Cat. 4 Men,BOUCHER,MILES,380,13525,2017-09-17 09:17:41.810000,0:05:55.200000,0:05:59.070000,0:06:03.700000,0:06:08,0:05:58.010000,0:05:58.510000,2017-09-17 09:53:44.300000
Cat. 4 Men,KOCHHAR-LINDGREN,DUNCAN,53,12035,2017-09-17 09:17:42.520000,0:06:25.750000,0:06:16.810000,0:06:53.750000,0:06:31.700000,0:06:43.770000,0:06:39.010000,2017-09-17 09:57:13.310000
Cat. 4 Men,FELTON,BLAINE,71,12617,2017-09-17 09:17:43.060000,0:06:02.760000,0:06:10.460000,0:06:16,0:06:22.010000,0:06:22.250000,0:06:10.510000,2017-09-17 09:55:07.050000
Cat. 4 Men,CHRISTENSEN,KRIS,320,13136,2017-09-17 09:17:43.810000,0:06:32.200000,0:06:53.270000,0:06:33.250000,0:07:09.010000,0:06:48.750000,0:06:44.570000,2017-09-17 09:58:24.860000
Cat. 4 Men,DESPAIN,JARED,226,11517,2017-09-17 09:17:45.010000,0:06:19.750000,0:06:20.010000,0:06:19.510000,2017-09-17 09:36:44.280000
Cat. 4 Men,COGHLAN,WILL,369,903,2017-09-17 09:17:45.060000,0:06:17.700000,0:06:34.560000,0:06:38.460000,0:06:44.320000,2017-09-17 09:44:00.100000
Cat. 4 Men,MANN,BILL,54,5172,2017-09-17 09:17:45.310000,0:06:15.210000,0:06:09.260000,0:06:08.990000,0:06:16.770000,0:06:19.510000,0:06:40.490000,2017-09-17 09:55:35.540000
Cat. 4 Men,ROSSANO,DANIEL,52,13142,2017-09-17 09:17:47.010000,0:06:00.750000,0:14:08.770000,0:06:09.510000,0:06:11.510000,0:06:14.010000,2017-09-17 09:56:31.560000
Cat. 4 Men,MAGUN,HARRISON,79,10929,2017-09-17 09:17:47.520000,0:06:02.500000,0:05:45.510000,0:05:55.240000,0:05:53.260000,0:06:03.760000,0:05:59.260000,2017-09-17 09:53:27.050000
Cat. 4 Men,PEDERSEB,LARS,77,13323,2017-09-17 09:17:47.810000,0:06:15.950000,0:06:20.320000,0:06:36.700000,0:06:36.250000,0:06:37.020000,0:06:34.010000,2017-09-17 09:56:48.060000
Cat. 4 Men,OBST,ADAM,56,12722,2017-09-17 09:17:48.770000,0:06:23.750000,0:06:24.510000,0:06:42.050000,0:06:40.450000,0:06:49.510000,0:09:38.260000,2017-09-17 10:00:27.300000
Cat. 4 Men,ROTTER,NICHOLAS,205,10919,2017-09-17 09:17:49.750000,0:06:04.260000,0:06:25.530000,0:06:50.990000,0:08:22.770000,0:06:51.740000,2017-09-17 09:52:25.040000
Cat. 4 Men,LUNDHEIM,SAM,80,13536,2017-09-17 09:17:50.020000,0:06:25.240000,0:06:27.270000,0:06:35.740000,0:06:43.010000,0:06:46.770000,0:06:49.750000,2017-09-17 09:57:37.800000
Cat. 4 Men,WALKER,SAMMY,70,11730,2017-09-17 09:17:51,0:06:16.020000,0:06:16.250000,0:06:35.010000,0:06:28.510000,0:06:46,0:06:28.770000,2017-09-17 09:56:41.560000
Cat. 4 Men,PEDERSEN,ANDERS,206,13292,2017-09-17 09:17:53,0:06:58.330000,0:07:48.200000,0:08:08.250000,0:08:37.520000,0:07:35,2017-09-17 09:57:00.300000
Cat. 4 Men,CADOTTE,CHRIS,350,9469,2017-09-17 09:17:55.760000,0:06:25.750000,0:06:36.010000,0:06:53.760000,0:06:45.010000,0:06:52,0:06:56.520000,2017-09-17 09:58:24.810000
Cat. 4 Men,HENDRIX,SAMUEL,58,13170,2017-09-17 09:17:56.070000,0:06:42.440000,0:06:47.510000,0:07:03.010000,0:07:14.770000,0:07:10.250000,2017-09-17 09:52:54.050000
Cat. 4 Men,SWEENEY,TED,57,12692,2017-09-17 09:18:24.260000,0:07:03.760000,0:07:22.510000,0:07:21.260000,0:07:27.250000,0:07:37.250000,2017-09-17 09:55:16.290000
Cat 4 Master Men age 35+,DOANE,MARK,421,9537,2017-09-17 09:18:35.510000,0:05:51.760000,0:05:58.310000,0:05:55.200000,0:05:52,0:05:57.510000,0:05:57.260000,2017-09-17 09:54:07.550000
Cat 4 Master Men age 35+,HU,KENT,417,6796,2017-09-17 09:18:35.570000,0:05:53.200000,0:06:05,0:06:07,0:06:11.520000,0:06:12,0:05:47.510000,2017-09-17 09:54:51.800000
Cat 4 Master Men age 35+,TOMKO,DANIEL,418,10301,2017-09-17 09:18:38.010000,0:05:51.310000,0:05:56.760000,0:06:01.940000,2017-09-17 09:36:28.020000
Cat 4 Master Men age 35+,BOGNI,ANDREA,464,8529,2017-09-17 09:18:38.560000,0:06:11.950000,0:06:04.760000,0:06:43.520000,0:06:40.500000,2017-09-17 09:44:19.290000
Cat 4 Master Men age 35+,PULLMAN,STEPHEN,796,13920,2017-09-17 09:18:38.820000,0:06:09.190000,0:06:12.020000,0:06:14.250000,0:06:08.250000,0:06:09.020000,0:06:14.760000,2017-09-17 09:55:46.310000
Cat 4 Master Men age 35+,ALEXANDER,ANDREW,416,10191,2017-09-17 09:18:40.260000,0:05:59.250000,0:06:08.510000,0:06:10.810000,0:06:12.950000,0:06:11.020000,0:06:03.500000,2017-09-17 09:55:26.300000
Cat 4 Master Men age 35+,MELANSON,JOSHUA,420,13208,2017-09-17 09:18:41.510000,0:06:23.060000,0:06:34.450000,0:06:32.010000,0:06:42.760000,0:06:39.510000,0:06:49.010000,2017-09-17 09:58:22.310000
Cat 4 Master Men age 35+,WUJICK,ADAM,419,2677,2017-09-17 09:18:41.760000,0:06:10.760000,0:06:04.250000,0:06:11.770000,0:06:16.990000,0:06:17.010000,0:06:16.020000,2017-09-17 09:55:58.560000
Cat 4 Master Men age 35+,PECK,GEORGE,797,12510,2017-09-17 09:18:42.310000,0:05:51.950000,2017-09-17 09:24:34.260000
Cat 4 Master Men age 35+,GUTHRIE,MICHAEL,456,9399,2017-09-17 09:18:43.510000,0:06:32.010000,0:06:37.560000,0:07:16.200000,0:07:03.760000,0:06:55.760000,2017-09-17 09:53:08.800000
Cat 4 Master Men age 35+,CHILDRESS,SHAY,466,3789,2017-09-17 09:18:44.060000,0:06:15.960000,0:06:16.500000,0:06:16.760000,0:06:24,0:06:25.760000,0:06:20.510000,2017-09-17 09:56:43.550000
Cat 4 Master Men age 35+,FEALK,DANIEL,458,11957,2017-09-17 09:18:46.010000,0:06:20.770000,0:06:00.250000,0:06:04.500000,0:06:02.250000,0:05:58.270000,0:05:58.250000,2017-09-17 09:55:10.300000
Cat 4 Master Men age 35+,BUWALDA,JOHN,462,11489,2017-09-17 09:18:46.060000,0:06:56.970000,0:06:18,0:06:13.010000,0:06:15.490000,0:06:09.510000,0:06:10.020000,2017-09-17 09:56:49.060000
Cat 4 Master Men age 35+,DABROWSKI,DAMIEN,415,8165,2017-09-17 09:18:46.310000,0:05:44.460000,0:05:54.500000,0:06:03.310000,0:06:03.200000,0:06:15.520000,0:06:01.250000,2017-09-17 09:54:48.550000
Cat 4 Master Men age 35+,BANTAGREEN,CALEB,749,11524,2017-09-17 09:18:46.310000,0:06:44.960000,0:06:39.760000,0:06:45,0:06:46.010000,0:06:48.750000,2017-09-17 09:52:30.790000
Cat 4 Master Men age 35+,HEINEN,JUSTIN,463,9065,2017-09-17 09:18:47.770000,0:06:14.250000,0:06:06.010000,0:06:06.550000,0:06:06.700000,0:06:11.520000,0:06:07,2017-09-17 09:55:39.800000
Cat 4 Master Men age 35+,BEDWELL,SETH,441,10503,2017-09-17 09:18:48.560000,0:06:27.270000,0:06:16.700000,0:06:32.990000,0:06:34.760000,0:06:42.330000,0:06:38.190000,2017-09-17 09:58:00.800000
Cat 4 Master Men age 35+,ORR,MARK,442,6200,2017-09-17 09:18:49.310000,0:06:40.460000,0:06:48.260000,0:07:04,0:07:26.520000,0:07:57.240000,2017-09-17 09:54:45.790000
Cat 4 Master Men age 35+,BARDEN,JED,439,13951,2017-09-17 09:18:49.560000,0:06:20.950000,0:06:07.010000,0:06:11.250000,0:06:15.020000,0:06:14.760000,0:06:08.490000,2017-09-17 09:56:07.040000
Cat 4 Master Men age 35+,STRASSER,DARRYL,748,4830,2017-09-17 09:18:50.070000,0:07:35.200000,0:07:25,0:07:19.520000,0:07:20.260000,0:07:16.760000,2017-09-17 09:55:46.810000
Cat 4 Master Men age 35+,DEWEY,BRIAN,465,11015,2017-09-17 09:18:50.570000,0:06:12.450000,0:06:07.260000,0:06:14.250000,0:06:35.750000,2017-09-17 09:44:00.280000
Cat 4 Master Men age 35+,MARTIN,CRAIG,529,9459,2017-09-17 09:18:51.520000,0:06:12.750000,0:06:08,0:06:30.760000,0:06:25.010000,0:06:27.010000,0:06:13.300000,2017-09-17 09:56:48.350000
Cat 4 Master Men age 35+,DEAN,GREG,422,13884,2017-09-17 09:18:51.570000,0:06:21.190000,0:06:18.020000,0:06:30.500000,0:06:26.750000,0:06:34.010000,0:06:18.260000,2017-09-17 09:57:20.300000
Cat 4 Master Men age 35+,JONES,ANDREW,443,13980,2017-09-17 09:18:52.070000,0:06:34.440000,0:06:26.270000,0:06:43.750000,0:06:47.510000,0:06:56.510000,2017-09-17 09:52:20.550000
Cat 4 Master Men age 35+,BEIELER,JAMES,562,11373,2017-09-17 09:18:52.750000,0:06:28.520000,0:06:12.260000,0:06:11.010000,0:06:07.490000,0:06:02.510000,0:06:01.250000,2017-09-17 09:55:55.790000
Cat 4 Master Men age 35+,KALLOCK,KEVIN,753,4266,2017-09-17 09:18:53.020000,0:06:20.740000,0:06:13.510000,0:06:15.820000,0:06:20.700000,0:06:33.500000,0:06:31.760000,2017-09-17 09:57:09.050000
Cat 4 Master Men age 35+,HERNANDEZ,EDGARDO,782,11446,2017-09-17 09:18:54.520000,0:06:27.300000,0:06:21.460000,0:06:23.310000,0:06:24.190000,0:06:35.770000,0:06:37.500000,2017-09-17 09:57:44.050000
Cat 4 Master Men age 35+,KLEIN,KEVIN,750,4174,2017-09-17 09:18:54.760000,0:06:43.500000,0:07:02.770000,0:06:59.500000,0:07:11.510000,0:07:26.510000,2017-09-17 09:54:18.550000
Cat 4 Master Men age 35+,CHRISTIANSEN,ALEX,440,12529,2017-09-17 09:18:56.010000,0:06:42.560000,0:06:46.210000,0:06:50.510000,0:07:06.310000,0:06:56,2017-09-17 09:53:17.600000
Cat 4 Master Men age 35+,WALTMIRE,TODD,778,4641,2017-09-17 09:18:58.260000,0:06:38.750000,0:06:49.020000,0:06:52.250000,0:07:02.270000,0:06:50,2017-09-17 09:53:10.550000
Cat 4 Master Men age 35+,MEJIA,JUAN JOSE,459,9483,2017-09-17 09:19:00.010000,0:07:15,0:07:51.270000,0:08:15,0:08:08.270000,0:08:00.750000,2017-09-17 09:58:30.300000
Cat 4 Master Men age 35+,ROBINSON,LIONEL,554,10189,2017-09-17 09:19:13.270000,0:08:12.750000,0:08:21.510000,0:08:54.520000,0:08:35.250000,2017-09-17 09:53:17.300000
Cat. 4 Men,CORDERO,AIDAN,38,11960,2017-09-17 09:25:44.510000,0:06:34.070000,0:06:41.460000,0:06:34.990000,0:06:31.020000,0:06:38,2017-09-17 09:58:44.050000
Cat 4 Master Men age 45+,JANES,CAMERON,868,13667,2017-09-17 10:17:38.820000,0:06:10.260000,0:06:10.260000,0:06:10.750000,0:06:20.760000,0:06:21.250000,2017-09-17 10:48:52.100000
Cat 4 Master Men age 45+,PAEK,ROBERT,826,11718,2017-09-17 10:17:38.880000,0:06:17.260000,0:06:18.950000,0:06:13.810000,0:06:20.500000,0:06:07.700000,2017-09-17 10:48:57.100000
Cat 4 Master Men age 45+,VANORDEN,MIKE,853,5417,2017-09-17 10:17:43.070000,0:06:13,0:06:21.020000,0:06:26.060000,0:06:38.450000,2017-09-17 10:43:21.600000
Cat 4 Master Men age 45+,THOMAS,JOSEPH,1089,11561,2017-09-17 10:17:46.830000,0:06:05.550000,0:06:05.460000,0:06:06.810000,0:06:05.260000,0:06:16.440000,2017-09-17 10:48:26.350000
Cat 4 Master Men age 45+,SPENCER-COONS,MARK,832,6022,2017-09-17 10:17:47.370000,0:06:59.210000,0:06:44.020000,0:06:52.750000,0:06:58.560000,0:06:52.700000,2017-09-17 10:52:14.610000
Cat 4 Master Men age 45+,HERMOSO,CHRIS,824,4240,2017-09-17 10:17:47.620000,0:06:14.010000,0:06:16.010000,0:06:17.210000,0:06:15.800000,0:06:16.450000,2017-09-17 10:49:07.100000
Cat 4 Master Men age 45+,KREBS,BRUCE,1102,12503,2017-09-17 10:17:49.070000,0:06:04.270000,0:06:21,0:06:27.260000,0:06:41,0:06:26.500000,2017-09-17 10:49:49.100000
Cat 4 Master Men age 45+,MINICUCCI,BEN,828,8113,2017-09-17 10:17:49.130000,0:06:23.200000,0:06:18.250000,0:06:13.260000,0:06:12.770000,0:06:15.500000,2017-09-17 10:49:12.110000
Cat 4 Master Men age 45+,STEINBERG,LARRY,870,5591,2017-09-17 10:17:49.130000,0:06:22.950000,0:06:13.010000,0:06:12.750000,0:06:13.060000,0:06:07.700000,2017-09-17 10:48:58.600000
Cat 4 Master Men age 45+,TOLLER,WESLEY,1099,10239,2017-09-17 10:17:49.630000,0:06:04.210000,0:06:10.750000,0:06:07.750000,0:06:14.750000,0:06:15.510000,2017-09-17 10:48:42.600000
Cat 4 Master Men age 45+,SABOL,DEAN,1048,13077,2017-09-17 10:17:49.880000,0:06:11.700000,0:06:11.510000,0:06:15.260000,0:06:20.760000,0:06:08.240000,2017-09-17 10:48:57.350000
Cat 4 Master Men age 45+,MERECKIS,TOM,859,10764,2017-09-17 10:17:50.570000,0:06:00.770000,0:06:07.060000,0:06:05.690000,0:06:05.510000,0:06:07.250000,2017-09-17 10:48:16.850000
Cat 4 Master Men age 45+,WAHL,CHRISTOPHER,829,9849,2017-09-17 10:17:51.130000,0:06:12.950000,0:06:29.070000,0:06:31.950000,0:06:22.750000,0:06:24.010000,2017-09-17 10:49:51.860000
Cat 4 Master Men age 45+,MULIER,PIETER,858,13067,2017-09-17 10:17:51.630000,0:06:08.450000,0:06:10,2017-09-17 10:30:10.080000
Cat 4 Master Men age 45+,BURRIS,MIKE,825,11131,2017-09-17 10:17:51.880000,0:06:16.710000,0:06:15.250000,0:06:18.750000,0:06:12.260000,0:06:14,2017-09-17 10:49:08.850000
Cat 4 Master Men age 45+,GOODMANSEN,CRAIG,827,13757,2017-09-17 10:17:52.380000,0:06:12.500000,0:06:13.460000,0:06:11.060000,0:06:20.500000,0:06:12.710000,2017-09-17 10:49:02.610000
Cat 4 Master Men age 45+,GREER,JOHN,1079,2813,2017-09-17 10:17:53.070000,0:06:32.510000,0:06:35.510000,0:06:46.760000,0:06:52.750000,0:06:49.760000,2017-09-17 10:51:30.360000
Cat 4 Master Men age 45+,BARLOW,ANTHONY,874,4988,2017-09-17 10:17:53.630000,0:06:26.460000,0:06:25.500000,0:06:32.010000,0:06:30.260000,0:06:47.490000,2017-09-17 10:50:35.350000
Cat 4 Master Men age 45+,MACDONALD,COLIN,855,11339,2017-09-17 10:17:54.380000,0:06:20.700000,0:06:18.320000,0:06:21.200000,0:06:25.250000,0:06:49.510000,2017-09-17 10:50:09.360000
Cat 4 Master Men age 45+,MULLEN,LASH,1078,11494,2017-09-17 10:17:54.630000,0:06:31.510000,0:06:40.450000,0:06:43.760000,0:06:45,0:06:44.750000,2017-09-17 10:51:20.100000
Cat 4 Master Men age 45+,MAGUN,HARRISON,873,10422,2017-09-17 10:17:55.130000,0:06:11.710000,0:06:31.250000,0:06:17.760000,0:06:33.500000,0:06:31.510000,2017-09-17 10:50:00.860000
Cat 4 Master Men age 45+,BOOTH,SCOTT L,857,11643,2017-09-17 10:17:55.630000,0:06:35.700000,0:06:41.020000,0:06:42.500000,0:06:52.260000,0:06:47.750000,2017-09-17 10:51:34.860000
Cat 4 Master Men age 45+,GIZINSKI,GREG,822,8326,2017-09-17 10:17:56.130000,0:06:36.710000,0:06:42.990000,0:06:44.270000,0:06:51.580000,0:07:06.680000,2017-09-17 10:51:58.360000
Cat 4 Master Men age 45+,BUCHANAN,JAMES,1032,9151,2017-09-17 10:17:56.130000,0:06:54,0:06:52.460000,0:07:07.260000,0:07:08.260000,0:07:14.510000,2017-09-17 10:53:12.620000
Cat 4 Master Men age 45+,HARRIS,JOHN,854,3783,2017-09-17 10:17:56.130000,0:06:27.440000,0:06:24.020000,0:06:34.010000,0:06:29.060000,0:10:18.700000,2017-09-17 10:54:09.360000
Cat 4 Master Men age 45+,DESPAIN,JARED,1142,11517,2017-09-17 10:17:57.820000,0:06:24.020000,0:06:11.240000,0:06:17.770000,0:06:21.750000,0:06:25.010000,2017-09-17 10:49:37.610000
Cat 4 Master Men age 45+,HAUSER,JOHN,1054,12620,2017-09-17 10:17:57.880000,0:06:55.750000,0:06:57.520000,0:07:13.700000,0:07:10.010000,0:07:07,2017-09-17 10:53:21.860000
Cat 4 Master Men age 45+,PRENDERGAST,JEFFREY,833,11316,2017-09-17 10:17:58.130000,0:06:31.250000,0:06:24.700000,0:06:24.520000,0:06:31.260000,0:06:30.240000,2017-09-17 10:50:20.100000
Cat 4 Master Men age 45+,RICE,ROBERT,946,8504,2017-09-17 10:17:58.130000,2017-09-17 10:17:58.130000
Cat 4 Master Men age 45+,BENNITT,JOHN,872,13855,2017-09-17 10:17:58.630000,0:06:50.760000,0:06:45.700000,0:06:49.760000,0:07:03.760000,0:06:47.560000,2017-09-17 10:52:16.170000
Cat 4 Master Men age 45+,FULTON,TRAVIS,1100,13133,2017-09-17 10:17:59.130000,0:06:52.460000,0:06:52,0:07:09.010000,0:07:20.010000,0:07:06.010000,2017-09-17 10:53:18.620000
Cat 4 Master Men age 45+,SCHREINER,NATHAN,1141,11369,2017-09-17 10:17:59.820000,0:06:42.770000,0:06:39.500000,0:06:39.310000,0:06:54.710000,0:06:36,2017-09-17 10:51:32.110000
Cat 4 Master Men age 45+,COLLINS,JOEY,1064,13240,2017-09-17 10:18:00.570000,0:06:46.510000,0:06:46.500000,0:06:52.270000,0:06:59.250000,0:06:50.760000,2017-09-17 10:52:15.860000
Cat 4 Master Men age 45+,MUEHLHAUSEN,MATT,945,12716,2017-09-17 10:18:02.070000,0:06:46.760000,0:06:31.510000,0:06:40.310000,0:06:49.960000,0:06:27.740000,2017-09-17 10:51:18.350000
Cat 4 Master Men age 45+,ELMORE,BRIAN,1076,13808,2017-09-17 10:18:02.880000,0:06:50.210000,0:06:56.990000,0:07:10.520000,0:07:09.510000,0:07:47.260000,2017-09-17 10:53:57.370000
Cat 4 Master Men age 45+,O'BRIEN,FRANK,1166,9030,2017-09-17 10:18:03.570000,0:06:24.760000,0:06:27.760000,0:06:12.760000,0:06:21.500000,0:06:15.260000,2017-09-17 10:49:45.610000
Cat 4 Master Men age 45+,HABLEWITZ,DAVID,860,11745,2017-09-17 10:18:04.140000,0:06:53.190000,0:06:59.510000,0:07:07.010000,0:06:56.260000,0:06:56.300000,2017-09-17 10:52:56.410000
Cat 4 Master Men age 45+,HOLTZCLAW,BRIAN,866,11086,2017-09-17 10:18:06.820000,0:06:48.270000,0:06:42.500000,0:07:01.760000,0:07:01.500000,0:06:53.770000,2017-09-17 10:52:34.620000
Cat 4 Master Men age 45+,WILLMAN,BRYAN,830,10615,2017-09-17 10:18:15.070000,0:08:29.830000,0:08:25.690000,0:08:27.760000,0:08:17.760000,2017-09-17 10:51:56.110000
Cat 4 Master Men age 55+,HATTER,JAY,1236,10644,2017-09-17 10:18:44.320000,0:06:58.260000,0:06:45.520000,0:06:41.500000,0:06:46,0:06:53.760000,2017-09-17 10:52:49.360000
Cat 4 Master Men age 55+,VON SEGGERN,DAN,1212,9006,2017-09-17 10:18:46.820000,0:06:34.020000,0:06:44.250000,0:06:53.760000,0:06:45.750000,0:06:41.760000,2017-09-17 10:52:26.360000
Cat 4 Master Men age 55+,MAYER,PETER,1238,13827,2017-09-17 10:18:48.070000,0:06:55.510000,0:07:03.260000,0:07:15.760000,0:13:01.260000,2017-09-17 10:53:03.860000
Cat 4 Master Men age 55+,HEINARO,HEIKKI,1241,6775,2017-09-17 10:18:48.390000,0:06:16.440000,0:06:26.560000,0:06:29.760000,0:06:28.450000,0:06:32.260000,2017-09-17 10:51:01.860000
Cat 4 Master Men age 55+,ANDERSON,MICHAEL,1214,9749,2017-09-17 10:18:50.830000,0:07:04,0:07:09.010000,0:07:20.260000,0:07:33.010000,0:07:23.750000,2017-09-17 10:55:20.860000
Cat 4 Master Men age 55+,SACCONE,MICHAEL,1213,10168,2017-09-17 10:18:53.830000,0:06:41.800000,0:06:54.200000,0:06:59.770000,0:07:02,0:07:07.760000,2017-09-17 10:53:39.360000
Cat 4 Master Men age 55+,CORNELL,BILL,1430,7595,2017-09-17 10:18:54.150000,0:07:08.940000,0:07:37,0:07:12.500000,0:07:20.020000,0:07:30.250000,2017-09-17 10:55:42.860000
Cat 4 Master Men age 55+,ANDERSON,ED,1215,13909,2017-09-17 10:18:57.830000,0:08:02.250000,0:08:40.510000,0:08:45.020000,2017-09-17 10:44:25.610000
Clydesdales,ARILDSON,DANIEL,84,2946,2017-09-17 10:19:38.070000,0:06:32.020000,0:07:22,0:06:39.500000,0:06:42.020000,0:06:31,2017-09-17 10:53:24.610000
Clydesdales,KUHLMANN,TORREY,16,13958,2017-09-17 10:19:38.840000,0:06:25.990000,0:06:31.260000,0:06:40.760000,0:06:32.260000,0:06:23.240000,2017-09-17 10:52:12.350000
Clydesdales,MADDISON,GUY,347,8798,2017-09-17 10:19:44.830000,0:06:29.500000,0:06:29.260000,0:06:36.260000,0:06:42.760000,0:06:53.510000,2017-09-17 10:52:56.120000
Clydesdales,MCINTOSH,DAVID,83,13600,2017-09-17 10:19:47.330000,0:06:29.750000,0:06:42.760000,0:06:43.260000,0:06:47.760000,0:06:55,2017-09-17 10:53:25.860000
Clydesdales,BOWES,JIM,1611,9682,2017-09-17 10:19:49.320000,0:06:26.010000,0:06:35.760000,0:06:36.010000,0:06:27.500000,0:06:32.320000,2017-09-17 10:52:26.920000
Clydesdales,WALKER,JOHNNY,18,10803,2017-09-17 10:19:50.330000,0:06:16.500000,0:06:32.250000,0:06:38.070000,0:06:41.960000,0:06:43.760000,2017-09-17 10:52:42.870000
Clydesdales,QUESTAD,MAT,75,9516,2017-09-17 10:19:51.130000,0:07:06.950000,0:07:30.820000,0:07:47.960000,0:07:44.750000,2017-09-17 10:50:01.610000
Clydesdales,LEE,HYUN,343,13025,2017-09-17 10:19:52.320000,0:07:09.010000,0:07:27.510000,0:07:27.260000,0:07:50.510000,2017-09-17 10:49:46.610000
Clydesdales,WRIGHT,JIM,60,10841,2017-09-17 10:19:53.320000,0:06:51.010000,0:07:03.320000,0:07:17.440000,0:07:22.320000,2017-09-17 10:48:27.410000
Clydesdales,HUTCHINSON,MICHAEL,15,9274,2017-09-17 10:19:54.820000,0:07:24.520000,0:07:17.250000,0:07:20.320000,0:07:29.700000,2017-09-17 10:49:26.610000
Clydesdales,KUNIN,CHRIS,313,3010,2017-09-17 10:19:55.140000,0:06:49.510000,0:07:02.940000,0:07:26.510000,0:07:24.250000,2017-09-17 10:48:38.350000
Clydesdales,ABARR,STEVE,81,12069,2017-09-17 10:19:56.320000,0:07:14.510000,0:07:36.010000,0:07:38.010000,0:07:37.510000,2017-09-17 10:50:02.360000
Clydesdales,LORD,PHILLIP,20,13533,2017-09-17 10:19:59.580000,0:08:04.510000,0:08:51.060000,0:08:52.950000,0:08:26.520000,2017-09-17 10:54:14.620000
Clydesdales,PEERSON,SHAWN,1609,11986,2017-09-17 10:20:01.580000,0:07:33.500000,0:07:51.760000,0:07:49.270000,0:07:59.990000,2017-09-17 10:51:16.100000
Clydesdales,BEARE,ROBERT,17,11420,2017-09-17 10:20:02.830000,0:07:24,0:07:30.010000,0:07:34.070000,0:07:27.190000,2017-09-17 10:49:58.100000
Clydesdales,MCHUGH,MIKE,19,13768,2017-09-17 10:20:05.570000,0:08:21.770000,0:09:00.260000,0:09:08.750000,2017-09-17 10:46:36.350000
Clydesdales,BROWN,RYAN,59,2997,2017-09-17 10:22:04.830000,0:07:22.770000,0:07:58.750000,0:07:54.750000,0:07:43.760000,2017-09-17 10:53:04.860000
Junior Boys age 15-16,BASALDUA,MATTHEW,40,13776,2017-09-17 11:04:36.380000,0:05:44.490000,0:06:06.830000,0:06:20.950000,0:06:05.740000,2017-09-17 11:28:54.390000
Junior Boys age 15-16,BERG,HOLDEN,328,5198,2017-09-17 11:04:36.670000,0:06:00.710000,0:06:27.760000,0:06:35.760000,0:06:22,2017-09-17 11:30:02.900000
Junior Boys age 15-16,HALDEMAN,TYLER,329,13796,2017-09-17 11:04:38.130000,0:09:24.500000,0:07:21.020000,0:08:11.500000,2017-09-17 11:29:35.150000
Junior Boys age 15-16,CORDERO,AIDAN,90,11960,2017-09-17 11:04:42.630000,0:06:16.550000,0:06:40.950000,0:06:33.760000,0:06:22.260000,2017-09-17 11:30:36.150000
Junior Boys age 13-14,CASAZZA,PARKER,35,11579,2017-09-17 11:04:43.630000,0:06:07.260000,0:06:26.500000,0:06:33.760000,0:06:10.500000,2017-09-17 11:30:01.650000
Junior Boys age 10-12,WALKER,SAMMY,30,12870,2017-09-17 11:04:43.880000,0:06:22.500000,0:07:01.260000,0:07:17,0:07:01.820000,2017-09-17 11:32:26.460000
Junior Boys age 15-16,MILLER,JACOB,337,8912,2017-09-17 11:04:44.380000,0:06:24.260000,0:06:41.050000,0:06:27.950000,0:06:27.570000,2017-09-17 11:30:45.210000
Junior Boys age 13-14,WALLIS,KAI,330,12827,2017-09-17 11:04:44.880000,0:06:49.550000,0:07:22.020000,0:07:18.200000,0:07:00.800000,2017-09-17 11:33:15.450000
Junior Boys age 15-16,BENNETT,ALEXANDER,315,438,2017-09-17 11:04:45.170000,0:06:16.220000,0:06:41.750000,0:06:45.500000,0:06:36.250000,2017-09-17 11:31:04.890000
Junior Boys age 15-16,YOUNKER,RYAN,227,6691,2017-09-17 11:04:45.670000,0:06:45.470000,0:07:27.750000,0:08:22.500000,0:07:27.270000,2017-09-17 11:34:48.660000
Junior Boys age 13-14,KAESER,HENRY,99,943,2017-09-17 11:04:47.630000,0:06:46.010000,0:07:06.050000,0:07:09.700000,0:06:53.020000,2017-09-17 11:32:42.410000
Junior Boys age 15-16,NICHOLS,COOPER,65,13986,2017-09-17 11:04:51.130000,0:06:40.760000,0:07:06.500000,0:07:03.310000,0:06:58.210000,2017-09-17 11:32:39.910000
Junior Boys age 13-14,O'BRIEN,LIAM,314,6576,2017-09-17 11:04:52.880000,0:06:44.260000,0:07:09.250000,0:07:12.250000,0:06:49.320000,2017-09-17 11:32:47.960000
Junior Boys age 13-14,CHRISTENSEN,STEINER,32,11171,2017-09-17 11:04:53.170000,0:06:48.970000,0:07:10,0:07:09,0:07:08.020000,2017-09-17 11:33:09.160000
Junior Boys age 13-14,HARRIS,JACK,64,5419,2017-09-17 11:04:53.920000,0:06:27.960000,0:07:19.260000,0:07:23.260000,0:06:36.300000,2017-09-17 11:32:40.700000
Junior Boys age 13-14,MCELWAINE,EUAN,37,11195,2017-09-17 11:04:54.420000,0:06:59.020000,0:07:08,0:07:11.460000,0:07:20.750000,2017-09-17 11:33:33.650000
Junior Boys age 13-14,ANDERSON,PARKER,294,12877,2017-09-17 11:04:54.670000,0:06:57.720000,0:07:09.550000,0:07:48.200000,0:08:48.510000,2017-09-17 11:35:38.650000
Junior Boys age 13-14,MECKLE,NOAH,34,6301,2017-09-17 11:04:56.880000,0:07:38.300000,0:08:05.760000,0:08:08.470000,0:08:24.740000,2017-09-17 11:37:14.150000
Junior Boys age 13-14,LAMB,CONNOR,236,12139,2017-09-17 11:04:56.920000,0:07:18.970000,0:08:10.500000,0:08:00.520000,0:08:00.990000,2017-09-17 11:36:27.900000
Junior Boys age 13-14,DESPAIN,DALLIN,87,13251,2017-09-17 11:04:59.130000,0:06:45.250000,2017-09-17 11:11:44.380000
Junior Girls age 15-16,LECKRONE,ADDISON,747,8786,2017-09-17 11:04:59.420000,0:06:39.220000,0:07:22.550000,0:07:27.950000,0:07:17.260000,2017-09-17 11:33:46.400000
Junior Girls age 13-14,GARY,MAKENNA,454,12788,2017-09-17 11:05:00.170000,0:06:57.470000,0:07:10.250000,0:07:05.320000,0:07:20.750000,2017-09-17 11:33:33.960000
Junior Boys age 13-14,MALAKOFF,ITAI,33,5923,2017-09-17 11:05:01.370000,0:07:16.770000,0:07:42.800000,0:07:59.260000,0:08:02.210000,2017-09-17 11:36:02.410000
Junior Girls age 13-14,GEORGE,CAMDYN,450,9366,2017-09-17 11:05:05.130000,0:07:53.260000,0:08:02.500000,0:08:21.060000,2017-09-17 11:29:21.950000
Junior Boys age 13-14,HALL,NATE,31,8619,2017-09-17 11:05:05.170000,0:07:54.220000,0:08:00,2017-09-17 11:20:59.390000
Junior Boys age 13-14,KRAUSE,MAX,36,173,2017-09-17 11:05:09.130000,0:07:43.010000,0:08:00.240000,0:11:38.530000,2017-09-17 11:32:30.910000
Junior Girls age 13-14,HODGINS,DEVON,665,13772,2017-09-17 11:05:12.880000,0:08:21.500000,0:09:06.810000,0:09:06.220000,2017-09-17 11:31:47.410000
Junior Girls age 13-14,DE KEIZER-MENDOZA,AVIANA,468,11934,2017-09-17 11:05:23.130000,0:09:01.500000,0:10:06.510000,0:10:04.760000,2017-09-17 11:34:35.900000
Junior Girls age 13-14,BALLAS,MONICA,451,6838,2017-09-17 11:05:24.880000,0:09:33,0:09:24.760000,0:09:54.020000,2017-09-17 11:34:16.660000
Junior Girls age 13-14,DANG,KATELYN,455,13514,2017-09-17 11:05:26.380000,0:12:37.500000,0:11:56.010000,2017-09-17 11:29:59.890000
Junior Girls age 13-14,ENG,AUDREY,453,13500,2017-09-17 11:05:31.880000,0:10:03.760000,0:10:46.500000,0:11:11.270000,2017-09-17 11:37:33.410000
Junior Boys age 13-14,BARLOW,GRIFFIN,86,10509,2017-09-17 11:05:34.630000,0:11:10.010000,0:11:37.510000,0:11:26.010000,2017-09-17 11:39:48.160000
Junior Boys age 10-12,SPRANGER,JOE,204,9160,2017-09-17 11:05:44.880000,0:06:40.260000,0:07:02.490000,0:07:02.760000,0:07:08.010000,2017-09-17 11:33:38.400000
Junior Boys age 10-12,SABOL,NATHAN,28,8815,2017-09-17 11:05:45.880000,0:06:56.260000,0:07:36.500000,0:07:07.010000,0:07:24.010000,2017-09-17 11:34:49.660000
Junior Boys age 10-12,BARRETT STRINGHAM,JACK,89,10123,2017-09-17 11:05:46.920000,0:06:47.710000,0:07:08.760000,0:07:04.810000,0:07:03.960000,2017-09-17 11:33:52.160000
Junior Girls age 10-12,BARLOW,AUDREY,467,13261,2017-09-17 11:05:48.130000,0:12:48.260000,0:14:11.010000,2017-09-17 11:32:47.400000
Junior Boys age 10-12,MCINTOSH,MILO,25,2637,2017-09-17 11:05:52.880000,0:06:54.260000,0:07:12.750000,0:07:08.260000,0:07:04.250000,2017-09-17 11:34:12.400000
Junior Boys age 10-12,WEDTOVER,FINN,85,13660,2017-09-17 11:05:56.630000,0:07:12.750000,0:07:23.270000,0:07:28.300000,0:07:29.270000,2017-09-17 11:35:30.220000
Junior Boys age 10-12,LAVERDE,LUCA,27,7233,2017-09-17 11:06:00.630000,0:07:12.500000,0:07:27.760000,0:07:17.810000,0:07:30.950000,2017-09-17 11:35:29.650000
Junior Boys age 10-12,LEUSCHKE,JOHAN,21,4648,2017-09-17 11:06:01.180000,0:07:21.700000,0:07:41.770000,0:07:37.250000,0:07:40.510000,2017-09-17 11:36:22.410000
Junior Boys age 10-12,STANFORD,PARKER,62,13281,2017-09-17 11:06:01.180000,0:07:16.460000,0:08:10.250000,0:08:11.760000,2017-09-17 11:29:39.650000
Junior Boys age 10-12,HU,REID,23,10253,2017-09-17 11:06:02.620000,0:07:11.060000,0:07:16.710000,0:07:24.260000,0:07:08.010000,2017-09-17 11:35:02.660000
Junior Boys age 10-12,HUGGINS,THEO,309,13486,2017-09-17 11:06:02.870000,0:08:00.320000,0:08:00.710000,0:07:53.750000,2017-09-17 11:29:57.650000
Junior Boys age 10-12,RAMIREZ,DONOVAN,22,8549,2017-09-17 11:06:03.180000,0:09:20.210000,0:08:45.750000,0:08:56.260000,2017-09-17 11:33:05.400000
Junior Boys age 10-12,CONNOLLY,ARAN,331,9497,2017-09-17 11:06:04.370000,0:07:31.010000,0:07:31.520000,0:07:42.550000,0:07:38.760000,2017-09-17 11:36:28.210000
Junior Boys age 10-12,HUMBERT,THEODORE,98,11412,2017-09-17 11:06:04.680000,0:09:37.950000,0:08:20.760000,0:08:34.020000,2017-09-17 11:32:37.410000
Junior Boys age 10-12,ERBECK,TRUE,104,5823,2017-09-17 11:06:06.130000,0:07:38,0:07:53.560000,0:07:59.210000,0:08:06.010000,2017-09-17 11:37:42.910000
Junior Boys age 10-12,STONICH,DAVID,103,5060,2017-09-17 11:06:08.650000,0:07:14.790000,0:07:16.500000,0:07:19.260000,0:07:18.450000,2017-09-17 11:35:17.650000
Junior Boys age 10-12,DAVIES,JONATHAN,186,4765,2017-09-17 11:06:08.680000,0:07:17.700000,0:07:18.820000,0:07:27.190000,0:07:36.270000,2017-09-17 11:35:48.660000
Junior Boys age 10-12,STRALKA,WILL,269,4933,2017-09-17 11:06:08.980000,0:07:37.450000,0:07:50.510000,0:08:12.470000,2017-09-17 11:29:49.410000
Junior Boys age 10-12,MCINTOSH,TOMAS,26,7090,2017-09-17 11:06:09.440000,0:07:36.440000,0:07:51.530000,0:08:01.240000,2017-09-17 11:29:38.650000
Junior Boys age 10-12,FOWLER,WILL,29,13937,2017-09-17 11:06:13.380000,0:08:07.510000,0:08:48.260000,0:09:19,2017-09-17 11:32:28.150000
Junior Girls age 10-12,ROBINSON,KEAGHLAN,428,11610,2017-09-17 11:06:22.130000,0:10:20.010000,0:10:05.760000,0:10:45.560000,2017-09-17 11:37:33.460000
Junior Boys age 10-12,HALL,ZACH,24,8288,2017-09-17 11:06:22.430000,0:09:39.960000,0:09:38.750000,0:10:48.010000,2017-09-17 11:36:29.150000
Junior Boys age 10-12,QUESTAD,TYLER,76,7948,2017-09-17 11:06:23.880000,0:09:21.570000,0:09:45.440000,0:09:22.260000,2017-09-17 11:34:53.150000
Junior Girls age 10-12,STRINGHAM,IVY,880,3930,2017-09-17 11:06:23.930000,0:08:46.460000,0:09:11.250000,0:09:27.770000,2017-09-17 11:33:49.410000
Junior Girls age 6-9,PHILLIPS,IRIS,865,13572,2017-09-17 11:06:25.630000,0:08:58.300000,0:09:38.220000,0:09:39.500000,2017-09-17 11:34:41.650000
Junior Girls age 10-12,JACKSON,KATELYN,762,13732,2017-09-17 11:06:25.930000,0:10:12.700000,0:11:20.020000,0:09:25.500000,2017-09-17 11:37:24.150000
Junior Girls age 10-12,MCNEES,KASSIDY,672,6374,2017-09-17 11:06:27.180000,0:12:12.010000,0:11:49.260000,2017-09-17 11:30:28.450000
Junior Boys age 10-12,PRESCOD,CAILEB,92,12766,2017-09-17 11:06:27.880000,0:10:06.010000,0:10:42.760000,0:10:41.760000,2017-09-17 11:37:58.410000
Junior Boys age 10-12,BEIELER,SEBASTIAN,100,10894,2017-09-17 11:06:28.180000,0:09:50.010000,0:09:16.450000,0:09:20.010000,2017-09-17 11:34:54.650000
Junior Girls age 10-12,CONNOLLY,RYAN,761,10488,2017-09-17 11:06:29.880000,0:09:44.500000,0:09:33.020000,0:09:37.560000,2017-09-17 11:35:24.960000
Junior Girls age 10-12,TOMKO,ELSA,427,10075,2017-09-17 11:06:29.930000,0:09:47.700000,0:10:30.570000,2017-09-17 11:26:48.200000
Junior Boys age 10-12,LAWRENCE,MUHAT,91,11663,2017-09-17 11:06:31.870000,0:09:00.520000,0:09:25.500000,0:09:20.520000,2017-09-17 11:34:18.410000
Junior Boys age 10-12,CHILDRESS,LEO,82,4553,2017-09-17 11:06:32.180000,0:09:55.450000,0:10:52.010000,0:11:23.010000,2017-09-17 11:38:42.650000
Junior Boys age 10-12,DEWEY,ALEX,73,12630,2017-09-17 11:06:35.620000,0:09:13.260000,0:09:15.270000,0:09:53.760000,2017-09-17 11:34:57.910000
Junior Girls age 10-12,NEWBY-HOUSE,INDIGO,671,4842,2017-09-17 11:06:36.690000,0:10:31.200000,0:10:31.250000,0:11:11.510000,2017-09-17 11:38:50.650000
Junior Girls age 10-12,BALLAS,FIONA,449,13709,2017-09-17 11:06:36.690000,0:10:56.200000,0:11:50.500000,2017-09-17 11:29:23.390000
Beginner Men,MULIER,PIETER,1247,13067,2017-09-17 11:06:42.630000,0:06:23.010000,0:06:30.240000,0:06:16.770000,0:06:28.760000,2017-09-17 11:32:21.410000
Beginner Men,PERKINS,ALEX,1237,12829,2017-09-17 11:06:44.120000,0:06:39.560000,0:06:58.970000,0:06:44.250000,0:06:47.260000,2017-09-17 11:33:54.160000
Junior Boys age 10-12,DEWEY,PATRICK,74,9874,2017-09-17 11:06:46.120000,0:10:32.770000,0:12:03.020000,2017-09-17 11:29:21.910000
Junior Boys age 6-9,HASKINS,PRESTON,882,13246,2017-09-17 11:06:46.680000,0:10:35.760000,0:11:38.710000,2017-09-17 11:29:01.150000
Beginner Men,DAMRON,CHARLIE,1218,13518,2017-09-17 11:06:46.680000,0:06:23.010000,0:06:43.960000,0:06:47.990000,0:06:33.520000,2017-09-17 11:33:15.160000
Beginner Men,COX,TRAVIS,1239,12589,2017-09-17 11:06:48.870000,0:06:39.770000,0:06:57.560000,0:06:34.440000,0:06:19.760000,2017-09-17 11:33:20.400000
Junior Boys age 10-12,JACOBSEN,SPENCER,866,12669,2017-09-17 11:06:50.630000,0:14:44.010000,0:14:34.270000,2017-09-17 11:36:08.910000
Junior Girls age 10-12,MEJIA,ISABELLA,460,12616,2017-09-17 11:06:50.690000,0:13:11.210000,0:12:51.260000,2017-09-17 11:32:53.160000
Beginner Men,RUSSEFF,MARK,1394,13718,2017-09-17 11:06:50.870000,0:07:16.510000,0:07:25.770000,0:07:30.490000,2017-09-17 11:29:03.640000
Beginner Men,HURT,DAVID,1216,11961,2017-09-17 11:06:51.870000,0:07:12.510000,0:07:32.270000,0:07:49.490000,2017-09-17 11:29:26.140000
Beginner Men,THOMPSON,MARK,1431,13814,2017-09-17 11:06:52.940000,0:07:28.490000,0:07:07.260000,0:06:54.010000,0:06:55.950000,2017-09-17 11:35:18.650000
Beginner Men,FOWLER,SCOTT,1202,12939,2017-09-17 11:06:53.880000,0:06:57.510000,0:06:48.500000,0:06:51.250000,0:06:36.770000,2017-09-17 11:34:07.910000
Beginner Men,NESBIT,BLAINE,1217,13678,2017-09-17 11:06:53.920000,0:06:58.720000,0:06:52,0:07:01.510000,0:06:57.500000,2017-09-17 11:34:43.650000
Junior Girls age 10-12,MORROW,MAGDELANA,471,8459,2017-09-17 11:06:54.670000,0:11:27.960000,0:12:04.520000,2017-09-17 11:30:27.150000
Beginner Men,BRINSON,JOEL,1219,13760,2017-09-17 11:06:55.420000,0:07:12.020000,0:07:15.710000,0:07:23.510000,0:07:07.250000,2017-09-17 11:35:53.910000
Junior Boys age 10-12,GEORGE,QUINN,61,13007,2017-09-17 11:06:57.630000,0:12:02.760000,0:14:25.260000,2017-09-17 11:33:25.650000
Junior Girls age 10-12,WILLIAMS,ALYSSA,685,10158,2017-09-17 11:06:59.880000,0:11:55.750000,0:12:10.260000,2017-09-17 11:31:05.890000
Junior Boys age 10-12,ABARR,WILL,379,9323,2017-09-17 11:07:01.180000,0:13:32.220000,2017-09-17 11:20:33.400000
Beginner Men,MORRIS,HENRY,1222,13670,2017-09-17 11:07:02.130000,0:07:30.510000,0:07:06.510000,0:07:08.250000,0:06:47.010000,2017-09-17 11:35:34.410000
Beginner Men,FRASER,BRIAN,1226,13889,2017-09-17 11:07:03.120000,0:07:27.510000,0:07:30.020000,0:07:32.500000,2017-09-17 11:29:33.150000
Beginner Men,DESPAIN,BRENDON,1240,9178,2017-09-17 11:07:04.370000,0:07:48.020000,0:07:51.510000,0:07:36.760000,2017-09-17 11:30:20.660000
Beginner Men,SALGADO,RYAN,1596,11660,2017-09-17 11:07:04.620000,0:09:27.270000,0:07:11.250000,0:06:49.020000,0:07:03.750000,2017-09-17 11:37:35.910000
Beginner Men,MORRIS,DAN,1221,13622,2017-09-17 11:07:06.120000,0:07:30.020000,0:06:55.500000,0:06:49.520000,0:06:42.750000,2017-09-17 11:35:03.910000
Junior Girls age 10-12,CHRISTENSEN,TAYLOR,426,7711,2017-09-17 11:07:06.680000,0:12:39.450000,0:14:37.030000,2017-09-17 11:34:23.160000
Beginner Men,COUSINS,ROBERT,1227,12903,2017-09-17 11:07:06.930000,0:07:57.700000,0:07:47.770000,0:07:52.750000,2017-09-17 11:30:45.150000
Junior Girls age 10-12,MEJIA,CAMILLA,461,13260,2017-09-17 11:07:08.620000,0:11:56.770000,0:12:31.010000,2017-09-17 11:31:36.400000
Beginner Men,GODMAN,PETER,1244,507,2017-09-17 11:07:09.690000,0:08:30.690000,0:08:06.260000,0:10:16.270000,2017-09-17 11:34:02.910000
Beginner Women,MCCONAUGHY,STACEY,1603,911,2017-09-17 11:07:11.120000,0:08:14.520000,0:08:02.760000,0:07:58,2017-09-17 11:31:26.400000
Beginner Men,COOPER,BLAIR,1201,2738,2017-09-17 11:07:12.930000,0:07:52.010000,0:07:35.950000,0:07:39.270000,2017-09-17 11:30:20.160000
Beginner Men,TURNER,MIKE,1224,13775,2017-09-17 11:07:13.880000,0:09:39.060000,0:09:33.950000,0:08:57.270000,2017-09-17 11:35:24.160000
Beginner Men,HUNTLEY,JAMES,1225,11327,2017-09-17 11:07:14.670000,0:08:29.960000,0:07:59.070000,0:08:04.250000,2017-09-17 11:31:47.950000
Beginner Women,MORRIS,CARRIE,1614,922,2017-09-17 11:07:16.120000,0:08:42.010000,0:08:09.760000,0:07:50.770000,2017-09-17 11:31:58.660000
Beginner Men,MCCAFFREY,ANDREW,1243,12606,2017-09-17 11:07:17.620000,0:10:04.570000,0:10:28.960000,0:10:22.750000,2017-09-17 11:38:13.900000
Beginner Women,BROWN,EILEEN,1628,13082,2017-09-17 11:07:22.130000,0:09:41.510000,0:09:07,0:08:50.520000,2017-09-17 11:35:01.160000
Beginner Men,EBEL,RUSS,1223,9303,2017-09-17 11:07:28.370000,0:12:19.510000,0:13:30.020000,2017-09-17 11:33:17.900000
Beginner Men,FAHNING,MITCH,1317,11491,2017-09-17 11:07:33.880000,0:09:40.500000,0:09:26.010000,0:08:51.260000,2017-09-17 11:35:31.650000
Beginner Women,DESPAIN,WENDI,1630,12885,2017-09-17 11:07:40.130000,0:09:41.010000,0:09:49.750000,0:09:55.270000,2017-09-17 11:37:06.160000
Junior Boys age 6-9,GARY,KELLAN,863,13868,2017-09-17 11:08:10.380000,0:08:41.760000,2017-09-17 11:16:52.140000
Junior Boys age 6-9,HOLMES,TOMMY,878,11779,2017-09-17 11:08:15.640000,0:09:38.250000,2017-09-17 11:17:53.890000
Junior Boys age 6-9,MECKLE,LUKA,835,5293,2017-09-17 11:08:21.130000,0:09:04.760000,2017-09-17 11:17:25.890000
Junior Boys age 6-9,STRALKA,OWEN,1018,10143,2017-09-17 11:08:22.380000,0:09:26.260000,2017-09-17 11:17:48.640000
Junior Boys age 6-9,STONICH,GUS,998,3894,2017-09-17 11:08:26.380000,0:10:45.770000,2017-09-17 11:19:12.150000
Junior Boys age 6-9,MULIER,SEBASTIAN,862,936,2017-09-17 11:08:32.130000,0:10:07.560000,2017-09-17 11:18:39.690000
Junior Boys age 6-9,QUESTAD,HUDSON,871,11439,2017-09-17 11:08:32.190000,0:11:59.960000,2017-09-17 11:20:32.150000
Junior Boys age 6-9,REINHART,THEODORE,877,12747,2017-09-17 11:08:34.130000,0:12:33.310000,2017-09-17 11:21:07.440000
Junior Boys age 6-9,KROLL,RONAN,885,913,2017-09-17 11:08:35.880000,0:10:07.010000,2017-09-17 11:18:42.890000
Junior Boys age 6-9,LEONARD,PJ,861,11523,2017-09-17 11:08:41.880000,0:09:53.010000,2017-09-17 11:18:34.890000
Junior Boys age 6-9,DEAN,LINDEN,836,8354,2017-09-17 11:08:48.880000,0:10:34,2017-09-17 11:19:22.880000
Junior Girls age 6-9,NOZAWA,KAYA,839,7346,2017-09-17 11:08:53.630000,0:11:31.010000,2017-09-17 11:20:24.640000
Junior Boys age 6-9,STRINGHAM,NOAH,881,10178,2017-09-17 11:08:54.180000,0:11:31.520000,2017-09-17 11:20:25.700000
Junior Girls age 6-9,DUQUETTE,TAYLOR,997,7629,2017-09-17 11:08:59.640000,0:10:28.810000,2017-09-17 11:19:28.450000
Junior Boys age 6-9,MAGUN,SIDNEY,996,13569,2017-09-17 11:09:02.130000,0:12:14.510000,2017-09-17 11:21:16.640000
Junior Girls age 6-9,HOLMES,JOZI,879,4821,2017-09-17 11:09:09.180000,0:13:01.960000,2017-09-17 11:22:11.140000
Junior Boys age 6-9,CHILDRESS,GRAEME,370,4196,2017-09-17 11:09:17.390000,0:14:52.050000,2017-09-17 11:24:09.440000
Junior Girls age 6-9,WUJICK,NATALIE,876,11553,2017-09-17 11:09:24.880000,0:13:10.010000,2017-09-17 11:22:34.890000
Junior Boys age 6-9,LUPTON,JACOB,883,13971,2017-09-17 11:09:26.180000,0:15:02.770000,2017-09-17 11:24:28.950000
Junior Girls age 6-9,GEORGE,SCARLETT,864,13065,2017-09-17 11:09:28.890000,0:15:11.750000,2017-09-17 11:24:40.640000
Junior Boys age 6-9,COGHLAN,AUGUST,838,5199,2017-09-17 11:09:32.870000,0:14:41.580000,2017-09-17 11:24:14.450000
Junior Girls age 6-9,JACOBSEN,DELANEY,63,10789,2017-09-17 11:09:40.130000,0:18:19.070000,2017-09-17 11:27:59.200000
Junior Girls age 6-9,KAESER,JUNE,1073,7448,2017-09-17 11:09:45.380000,0:15:14.270000,2017-09-17 11:24:59.650000
Beginner Men,MILLER,BLAINE,1512,12649,2017-09-17 11:09:53.880000,0:07:13.260000,0:07:11,2017-09-17 11:24:18.140000
Junior Boys age 6-9,PIERCE,NIGEL,1033,13130,2017-09-17 11:10:00.620000,0:16:14.590000,2017-09-17 11:26:15.210000
Junior Boys age 6-9,ALEXANDER,RORY,869,4068,2017-09-17 11:10:39.390000,0:16:14.760000,2017-09-17 11:26:54.150000
Junior Boys age 6-9,PIERCE,LIAM,1061,13501,2017-09-17 11:10:59.680000,0:21:26.470000,2017-09-17 11:32:26.150000
Cat. 1/2 Women,FRANZ,HEIDI,338,13547,2017-09-17 11:51:36.930000,0:05:42,0:05:48.750000,0:05:54.070000,0:05:55.950000,0:05:56.260000,0:06:03.750000,0:05:57.810000,2017-09-17 12:32:55.520000
Cat. 1/2 Women,GIZINSKI,HAYDEN,2128,7166,2017-09-17 11:51:38.920000,0:06:43.260000,0:06:48.760000,0:06:58.750000,0:07:03,0:06:52.010000,0:06:50.510000,0:06:51.020000,2017-09-17 12:39:46.230000
Cat. 1/2 Women,TAPLIN,STEPHANIE,3,9286,2017-09-17 11:51:39.670000,0:05:50.500000,0:06:02.570000,0:06:06.460000,0:06:16.800000,0:06:21.710000,0:06:23.510000,0:06:24,2017-09-17 12:35:05.220000
Cat. 1/2 Women,ESTEP,GINA,211,11884,2017-09-17 11:51:40.170000,0:05:48,0:05:53.770000,0:05:59.510000,0:06:15.500000,0:06:11.750000,0:05:57.770000,0:05:52.490000,2017-09-17 12:33:38.960000
Cat. 1/2 Women,KING,HILLARY,340,7318,2017-09-17 11:51:41.420000,0:05:54.260000,0:05:56.750000,0:06:05.510000,0:06:09.510000,0:06:02.260000,0:06:01.240000,0:05:57.070000,2017-09-17 12:33:48.020000
Cat. 1/2 Women,LLOYD,MONICA,282,13414,2017-09-17 11:51:43.420000,0:06:00.510000,0:05:58.260000,0:05:55.800000,0:05:56.710000,0:06:07.760000,0:06:02.510000,0:05:56.560000,2017-09-17 12:33:41.530000
Cat 1-2 Master Women age 35+,BERG,KRISTI,2127,12797,2017-09-17 11:51:43.730000,0:06:24.510000,0:06:31.450000,0:06:32.250000,0:06:37.260000,0:06:39.010000,0:06:43.010000,0:06:41.250000,2017-09-17 12:37:52.470000
Cat 1-2 Master Women age 35+,STRALKA,LEA,2231,9963,2017-09-17 11:51:44.670000,0:06:01.510000,0:06:07.250000,0:06:16.760000,0:06:19.010000,0:06:24.010000,0:06:29.990000,0:06:36.260000,2017-09-17 12:35:59.460000
Cat 1-2 Master Women age 35+,LEWIS,MELANIE,2002,4184,2017-09-17 11:51:45.670000,0:06:16.510000,0:06:11.510000,0:06:16.750000,0:06:27.770000,0:06:30.240000,0:06:53.260000,0:06:34.760000,2017-09-17 12:36:56.470000
Cat 1-2 Master Women age 35+,SCHOENBORN,JAMIE,2006,7606,2017-09-17 11:51:45.730000,0:06:26.460000,0:06:19.750000,0:06:26.810000,0:06:27.210000,0:06:36.240000,0:06:32.770000,0:06:30.750000,2017-09-17 12:37:05.720000
Cat. 1/2 Women,SOH,JASMINE,216,13405,2017-09-17 11:51:48.930000,0:06:21.750000,0:06:31.260000,0:06:28.500000,0:06:37.510000,0:06:34.760000,0:06:28.060000,0:07:48.200000,2017-09-17 12:38:38.970000
Cat 1-2 Master Women age 35+,ROBERTSON ZIVIN,JULIE,2001,3310,2017-09-17 11:51:49.680000,0:06:14.250000,0:06:08.010000,0:06:12.760000,0:06:23.490000,0:06:25.760000,0:06:28.260000,0:06:23.520000,2017-09-17 12:36:05.730000
Cat 1-2 Master Women age 35+,RILEY,JADINE,2172,460,2017-09-17 11:51:49.970000,0:06:18.770000,0:06:20.700000,0:06:28.760000,0:06:36,0:06:34.010000,0:06:40,0:06:39.760000,2017-09-17 12:37:27.970000
Cat 1-2 Master Women age 35+,CONNOLLY,JODI,2229,10787,2017-09-17 11:51:50.220000,0:06:44.220000,0:06:51.250000,0:06:46.750000,0:06:54.560000,0:06:47.460000,0:08:06.010000,2017-09-17 12:34:00.470000
Cat 1-2 Master Women age 35+,DUQUETTE,JODI,2230,12140,2017-09-17 11:51:51.180000,0:06:16.750000,0:06:20,0:06:30.820000,0:06:41.450000,0:06:38.250000,0:06:38.770000,0:06:37.490000,2017-09-17 12:37:34.710000
Cat 1-2 Master Women age 35+,MENSHER,JOANNA,2155,13366,2017-09-17 11:51:51.930000,0:06:37,0:06:47.770000,0:06:40,0:06:46,0:06:49.010000,0:06:48.750000,0:06:53.770000,2017-09-17 12:39:14.230000
Cat 1-2 Master Women age 35+,PHILLIPS,ROBBIE,2004,11973,2017-09-17 11:51:52.730000,0:06:28.200000,0:06:28.510000,0:06:42.250000,0:06:39.010000,0:06:39.750000,0:06:44.010000,0:06:51.500000,2017-09-17 12:38:25.960000
Cat 1-2 Master Women age 35+,STONICH,ANNE MARIE,2228,8544,2017-09-17 11:51:54.920000,0:06:34.070000,0:06:34.940000,0:06:43.270000,0:06:45,0:06:48.500000,0:06:47.760000,0:06:35.760000,2017-09-17 12:38:44.220000
Cat 1-2 Master Women age 35+,SMITH,LEE,2005,9380,2017-09-17 11:51:55.170000,0:06:51.510000,0:06:56.260000,0:06:59.250000,0:07:05.510000,0:07:00.260000,0:06:51.750000,2017-09-17 12:33:39.710000
Cat 1-2 Master Women age 35+,JOHNSON,SHERYL,2003,13590,2017-09-17 11:51:59.420000,0:07:05.520000,0:07:10.990000,0:07:18.270000,0:07:20.260000,0:07:17,0:07:24.260000,2017-09-17 12:35:35.720000
Cat. 3 Women,BEATY,CAYLEN,1233,10288,2017-09-17 11:52:41.920000,0:06:15.770000,0:06:21.500000,2017-09-17 12:05:19.190000
Cat. 3 Women,ROBINSON,CALLAH,1209,5321,2017-09-17 11:52:41.980000,0:06:21.190000,0:06:36.020000,0:06:33.820000,0:06:33.690000,0:06:46.750000,0:06:53.260000,0:06:31.010000,2017-09-17 12:38:57.720000
Cat. 3 Women,NORTHEY,MEGAN,1242,13000,2017-09-17 11:52:45.420000,0:06:26.510000,0:06:28.010000,0:06:35.510000,0:06:32.510000,0:07:11.250000,0:06:52.510000,0:06:49.260000,2017-09-17 12:39:40.980000
Cat. 3 Women,FAHRNER,BRYNA,1319,6950,2017-09-17 11:52:48.420000,0:06:29.510000,0:06:33.010000,0:06:40.250000,0:06:35.020000,0:06:42.990000,0:06:40.770000,0:06:39.750000,2017-09-17 12:39:09.720000
Cat. 3 Women,NILSON,EMILY,1466,12619,2017-09-17 11:52:48.980000,0:06:54.260000,0:07:01.210000,0:07:06.500000,0:06:59.250000,0:07:10.510000,0:06:59.510000,2017-09-17 12:35:00.220000
Cat. 3 Women,MARTIN,SARAH,1318,13311,2017-09-17 11:52:52.170000,0:06:50.560000,0:07:02.960000,0:07:12.510000,0:07:17.500000,0:07:41.010000,0:07:28.510000,2017-09-17 12:36:25.220000
Cat. 3 Women,DOWNS,CATHERINE,1235,3641,2017-09-17 11:52:54.180000,0:06:35.500000,0:06:43.250000,0:06:57.270000,0:06:48.810000,0:06:46.200000,0:06:55.500000,2017-09-17 12:33:40.710000
Cat. 3 Women,ZAIDA,DIANE,1460,4362,2017-09-17 11:52:55.430000,0:06:42.750000,2017-09-17 11:59:38.180000
Cat. 3 Women,GOULD,LAURA,1208,12778,2017-09-17 11:52:56.180000,0:06:46.010000,0:06:33.490000,0:06:45.760000,2017-09-17 12:13:01.440000
Cat. 3 Women,LEBLANC,LAURA,1245,9696,2017-09-17 11:52:56.220000,0:07:11.970000,0:07:10.500000,0:07:26.260000,0:07:27.500000,0:07:16.520000,0:07:09.750000,2017-09-17 12:36:38.720000
Cat. 3 Women,LEONARD,CASSANDRA,1234,4823,2017-09-17 11:52:58.670000,0:07:10.020000,0:07:18.990000,0:07:35.760000,0:07:46.260000,0:08:01.320000,0:07:41.700000,2017-09-17 12:38:32.720000
Cat 3-4 Master Women age 35+,WONG,EVA,1606,7398,2017-09-17 11:53:54.670000,0:07:18.770000,0:07:51.500000,0:07:16.760000,0:07:14.010000,0:07:19.510000,0:07:10.750000,2017-09-17 12:38:05.970000
Cat 3-4 Master Women age 35+,MCCONAGHY,DAWN,1605,7893,2017-09-17 11:53:55.670000,0:06:50.260000,0:07:24.020000,0:07:08.500000,0:07:18.250000,0:07:11.020000,0:06:53.250000,2017-09-17 12:36:40.970000
Cat 3-4 Master Women age 35+,FORDHAM,MARY,1632,11754,2017-09-17 11:54:00.680000,0:07:12.810000,0:07:18.200000,0:07:11.010000,0:07:11.050000,0:07:13.470000,0:07:17.750000,2017-09-17 12:37:24.970000
Cat 3-4 Master Women age 35+,GREENING,MALIA,1821,12913,2017-09-17 11:54:00.980000,0:06:52.700000,0:06:43.250000,0:06:47.770000,0:07:14.760000,0:07:13.750000,0:06:34.250000,2017-09-17 12:35:27.460000
Cat 3-4 Master Women age 35+,MECKLE,KATHRYN,1604,5459,2017-09-17 11:54:02.920000,0:07:35.760000,0:07:11.010000,0:07:10.510000,0:07:20.260000,0:07:29.500000,0:07:10.260000,2017-09-17 12:38:00.220000
Cat 3-4 Master Women age 35+,MAGUN,OLGA,1711,9915,2017-09-17 11:54:02.980000,0:07:30.210000,0:07:28.250000,0:07:32.760000,0:07:33.760000,0:07:37.510000,0:07:31.010000,2017-09-17 12:39:16.480000
Cat 3-4 Master Women age 35+,SENGUPTA,CARYN,1710,10616,2017-09-17 11:54:06.930000,0:07:35.510000,0:07:36.510000,0:07:35.500000,0:07:54.250000,0:07:45.520000,0:07:21.510000,2017-09-17 12:39:55.730000
Cat 3-4 Master Women age 35+,MIXON,TARA,1617,13041,2017-09-17 11:54:07.180000,0:07:13.500000,0:07:06.010000,0:07:16.320000,0:07:01.950000,0:07:07,0:06:58.520000,2017-09-17 12:36:50.480000
Cat 3-4 Master Women age 35+,BEAN,KAREN,1615,12713,2017-09-17 11:54:10.680000,0:08:35.010000,0:08:49.500000,0:09:12.760000,0:08:56.260000,0:08:51.760000,2017-09-17 12:38:35.970000
Cat 3-4 Master Women age 35+,JOHNSTON,MELISSA,1616,7199,2017-09-17 11:54:22.420000,0:09:26.770000,0:09:32,0:09:48.010000,0:09:44.260000,0:09:17.520000,2017-09-17 12:42:10.980000
Cat 3-4 Master Women age 45+,RAMEY,JODIE,819,2906,2017-09-17 11:54:50.680000,0:07:02.010000,0:07:00.510000,0:07:09.510000,0:07:08.990000,0:07:12.760000,0:07:07.250000,2017-09-17 12:37:31.710000
Cat 3-4 Master Women age 45+,LEBER,WENDY,851,5437,2017-09-17 11:54:51.680000,0:06:56.760000,0:06:58.750000,0:07:06.510000,0:07:09,0:07:06.010000,0:07:05.260000,2017-09-17 12:37:13.970000
Cat 3-4 Master Women age 45+,NALIS,LINDA,1068,9840,2017-09-17 11:54:54.930000,0:06:58.270000,0:07:15.730000,0:07:18.010000,0:07:30.020000,0:07:38.250000,0:07:26.270000,2017-09-17 12:39:01.480000
Cat 3-4 Master Women age 45+,MARTIN,LAURA,820,10166,2017-09-17 11:54:55.730000,0:07:08.710000,0:07:01.500000,0:10:52.520000,0:07:20.760000,0:07:22.750000,2017-09-17 12:34:41.970000
Cat 3-4 Master Women age 45+,RAINFORTH,TINA,850,7216,2017-09-17 11:54:56.670000,0:07:14.510000,0:07:25.010000,0:07:24.010000,0:07:26.760000,0:07:37.260000,0:07:28.260000,2017-09-17 12:39:32.480000
Cat 3-4 Master Women age 45+,JACK,MICHELLE,1007,13004,2017-09-17 11:54:57.240000,0:07:51.440000,0:07:43.510000,0:07:48.570000,0:08:13.200000,0:08:11.500000,2017-09-17 12:34:45.460000
Cat 3-4 Master Women age 45+,EAMER,MELISSA,821,9841,2017-09-17 11:54:58.920000,0:07:20.010000,0:07:21.020000,0:07:33.990000,0:07:35.320000,0:07:35.950000,0:07:26.760000,2017-09-17 12:39:51.970000
Cat 3-4 Master Women age 45+,MCNEES,KELLI,1086,6211,2017-09-17 11:55:05.170000,0:07:32.010000,0:07:33.560000,0:07:47.200000,0:07:46.020000,0:07:57.320000,2017-09-17 12:33:41.280000
Cat 3-4 Master Women age 45+,SAVOIE,ANNA,957,7950,2017-09-17 11:55:05.230000,0:07:44.950000,0:07:47.270000,0:07:42.750000,0:07:51.260000,0:07:36.570000,2017-09-17 12:33:48.030000
Cat 3-4 Master Women age 45+,ROBINSON,SHERI,852,6338,2017-09-17 11:55:06.170000,0:08:00.510000,0:08:14.010000,0:08:41.020000,0:08:31.750000,0:08:30.770000,2017-09-17 12:37:04.230000
Cat. 4 Women,SMITH,COOPER,447,10380,2017-09-17 11:55:20.680000,0:07:03.510000,0:07:12.810000,0:06:59.950000,0:07:18.760000,0:07:16.260000,0:07:17.500000,2017-09-17 12:38:29.470000
Cat. 4 Women,COHAN,KELSEY,666,11418,2017-09-17 11:55:25.170000,0:07:28.760000,0:07:14.260000,0:07:21.260000,0:07:22.500000,0:07:35.770000,0:07:40.510000,2017-09-17 12:40:08.230000
Cat. 4 Women,PADAGAS,DYAN,444,13734,2017-09-17 11:55:25.420000,0:07:38.010000,0:07:48.010000,0:07:50.010000,0:08:07.310000,0:08:21.950000,2017-09-17 12:35:10.710000
Cat. 4 Women,ROBINSON,KATY,448,12642,2017-09-17 11:55:31.920000,0:07:36.510000,0:07:48.020000,0:07:55.760000,0:07:53.550000,0:08:12.950000,2017-09-17 12:34:58.710000
Cat. 4 Women,PIERCE,AMY,425,10459,2017-09-17 11:55:33.670000,0:06:53.770000,0:06:36.500000,0:06:52.010000,0:07:01.010000,0:07:02.500000,0:06:44.520000,2017-09-17 12:36:43.980000
Cat. 4 Women,GEORGE,LAURIE,446,13570,2017-09-17 11:55:36.170000,0:07:49.320000,0:07:55.760000,2017-09-17 12:11:21.250000
Cat. 4 Women,FEALK,CAROLYN,457,7707,2017-09-17 11:55:39.430000,0:07:45.760000,0:08:03.750000,0:08:20.510000,0:08:04.570000,0:08:00.950000,2017-09-17 12:35:54.970000
Cat. 4 Women,STRICKLER,HEIDI,445,13401,2017-09-17 11:55:42.680000,0:24:15.280000,2017-09-17 12:19:57.960000
Cat. 4 Women,SMITH,RENAE,423,5197,2017-09-17 11:55:45.930000,0:07:50.010000,0:07:46.250000,0:08:11.010000,0:08:20.750000,0:07:49.510000,2017-09-17 12:35:43.460000
Cat. 4 Women,RAHEMTULLA,MUNIRA,424,6433,2017-09-17 11:55:48.430000,0:07:57.760000,0:08:11.050000,0:08:08.970000,0:08:10.260000,0:07:44.750000,2017-09-17 12:36:01.220000
Cat. 4 Women,LUPTON,MELODY,473,12674,2017-09-17 11:55:49.680000,0:09:04.760000,0:09:40.760000,0:10:19.500000,0:09:53.260000,2017-09-17 12:34:47.960000
Cat. 1/2 Men,CASE,STEVEN,45,7369,2017-09-17 12:50:01.990000,0:05:19,0:05:33.500000,0:05:31.010000,0:05:38.010000,0:05:50,0:05:46.250000,0:05:40.510000,0:05:53.770000,0:06:39.250000,0:06:23.500000,0:06:32.260000,2017-09-17 13:54:49.050000
Cat. 1/2 Men,FUNSTON,SCOTT,397,4598,2017-09-17 12:50:02.290000,0:05:09.200000,0:05:08.260000,0:05:15.750000,0:05:22.560000,0:05:32,0:05:40.450000,0:05:34.270000,0:05:21.990000,0:05:30.270000,0:05:49.500000,0:05:50.510000,2017-09-17 13:50:17.050000
Cat. 1/2 Men,STEVENSON,RUSSELL,93,13301,2017-09-17 12:50:03.240000,0:05:07,0:05:06.250000,0:05:08.260000,0:05:13.750000,0:05:15.510000,0:05:17.010000,0:05:21.010000,0:05:22.250000,0:05:27.510000,0:05:27.490000,0:05:40.270000,2017-09-17 13:48:29.550000
Cat. 1/2 Men,MCCLEEREY,BRIAN,47,12598,2017-09-17 12:50:04.240000,0:05:10.500000,0:05:20.250000,0:05:28.010000,0:05:25.260000,0:05:32.500000,0:05:35.070000,0:05:29.190000,0:05:24.510000,0:05:56.500000,0:05:35.760000,0:05:25.010000,2017-09-17 13:50:26.800000
Cat. 1/2 Men,BUCHANAN,BRAYDEN,290,920,2017-09-17 12:50:04.290000,0:05:18.450000,0:05:31,0:05:34.320000,0:05:53.960000,0:06:06.990000,0:05:24.270000,0:05:30.490000,0:05:35.510000,0:05:41.510000,0:05:25.500000,0:05:19.260000,2017-09-17 13:51:25.550000
Cat. 1/2 Men,FLACK,JOHN-CHRISTIAN,1,2982,2017-09-17 12:50:04.790000,0:05:24.700000,0:05:27.510000,0:05:33.750000,0:05:53.760000,0:05:46.010000,0:05:43.300000,0:06:15.960000,0:05:45,0:05:51.500000,0:05:50.760000,0:05:47.010000,2017-09-17 13:53:24.050000
Cat. 1/2 Men,MORRISON,ANDREW,42,4161,2017-09-17 12:50:05.540000,0:05:29.950000,0:05:24.760000,0:05:58.260000,0:05:38.490000,0:05:44.760000,0:05:35.020000,0:05:38.250000,0:05:39.050000,0:05:38.460000,0:05:41.750000,0:05:45.010000,2017-09-17 13:52:19.300000
Cat. 1/2 Men,QUINN,STERLING,106,468,2017-09-17 12:50:06.240000,0:05:17.060000,0:05:24.200000,0:05:28.750000,0:05:31,0:05:30.260000,0:05:28.760000,0:05:57.750000,0:05:38.260000,0:07:20.310000,0:05:38.750000,0:05:43.200000,2017-09-17 13:53:04.540000
Cat. 1/2 Men,SCZECHOWSKI,GARRETT,43,5895,2017-09-17 12:50:06.490000,0:05:24.760000,0:05:27.250000,0:05:30.240000,0:05:31.260000,0:05:35.260000,0:05:34.310000,0:05:40.460000,0:05:34.760000,0:05:40.250000,0:05:41.990000,0:05:39.080000,2017-09-17 13:51:26.110000
Cat. 1/2 Men,RIZER,KENNETH,46,12928,2017-09-17 12:50:07.490000,0:05:33.250000,0:06:07.510000,2017-09-17 13:01:48.250000
Cat. 1/2 Men,PARSONS,DEREK,44,265,2017-09-17 12:50:07.990000,0:05:26.760000,0:05:29.740000,0:05:38.010000,0:05:37.010000,0:05:31.560000,0:05:37.940000,0:05:37.270000,0:05:36.760000,0:05:32.250000,0:05:28.260000,0:05:26,2017-09-17 13:51:09.550000
Cat. 1/2 Men,HEWELL,ZACK,102,4822,2017-09-17 12:50:08.990000,0:05:23.510000,0:05:22.740000,0:05:32.570000,0:05:28.440000,0:05:44.510000,0:05:37.750000,0:06:07.260000,2017-09-17 13:29:25.770000
Cat. 1/2 Men,CARTER,CHRISTOPHER,233,11482,2017-09-17 12:50:10.240000,0:05:26.750000,0:05:30,0:05:46.020000,0:05:36.250000,0:05:39.260000,0:05:50.760000,0:05:56.500000,0:05:53.750000,0:05:48.750000,0:05:40.010000,0:06:10.760000,2017-09-17 13:53:29.050000
Cat. 1/2 Men,YOUNG,CODY,88,4373,2017-09-17 12:50:10.790000,0:06:34.450000,0:05:53.560000,0:06:09.950000,0:06:44.250000,0:06:11.760000,0:06:38.760000,0:06:57.520000,0:07:16.250000,0:07:06,2017-09-17 13:49:43.290000
Cat. 1/2 Men,JENSEN,JEREMIAH,232,12775,2017-09-17 12:50:14.230000,0:05:22.010000,0:05:25.010000,0:05:26.260000,0:05:25.800000,0:05:21.950000,0:05:30.310000,0:05:25.700000,0:07:03.750000,0:05:26.520000,0:05:25.300000,0:05:21.510000,2017-09-17 13:51:28.350000
Cat. 1/2 Men,CAMPBELL,KACEY,310,6202,2017-09-17 12:50:26.980000,0:05:23.510000,0:05:27,0:05:39.270000,0:06:40.250000,0:06:25.510000,2017-09-17 13:20:02.520000
Single-speed Men (all ages and categories),NELSON,BRAD,1927,13717,2017-09-17 12:51:01.730000,0:05:29.320000,0:05:27.200000,0:05:17.760000,0:05:24.740000,0:05:31.770000,0:05:35.550000,0:05:33.450000,0:05:38.060000,0:05:33.210000,0:05:35.260000,0:05:42.990000,2017-09-17 13:51:51.040000
Single-speed Men (all ages and categories),MULLAN,JOEY,1778,12054,2017-09-17 12:51:02.480000,0:05:28.320000,0:05:27.700000,0:05:24.760000,0:05:40.240000,0:05:37.270000,0:05:41.310000,0:05:35.700000,0:05:31.060000,0:05:42.500000,0:05:42.010000,0:05:33.700000,2017-09-17 13:52:27.050000
Single-speed Men (all ages and categories),LEONARD,PATRICK,1619,7067,2017-09-17 12:51:03.990000,0:05:31.500000,0:05:40.750000,0:05:45.020000,0:05:49.800000,0:05:50.960000,0:05:51.250000,0:05:50,0:05:50.510000,0:05:49.010000,0:05:50.250000,2017-09-17 13:48:53.040000
Single-speed Men (all ages and categories),VAN SLYKE,COLLIN,1709,11829,2017-09-17 12:51:04.240000,0:05:36,0:05:44.500000,0:05:42.060000,0:05:44.970000,0:05:49.250000,0:05:45.010000,0:05:51,0:05:59.510000,0:06:05.250000,0:05:53.010000,2017-09-17 13:49:14.800000
Single-speed Men (all ages and categories),GROBLEWSKI,PETE,1889,6803,2017-09-17 12:51:04.780000,0:05:25.960000,0:05:31.010000,0:05:37.010000,0:05:35.510000,0:05:29.250000,0:05:38.810000,0:05:34.260000,0:05:37.440000,0:05:36.750000,0:05:42.010000,0:05:34.310000,2017-09-17 13:52:27.100000
Single-speed Men (all ages and categories),STANSELL,ROY,1819,13271,2017-09-17 12:51:05.280000,0:05:41.260000,0:05:40.960000,0:05:39,0:05:45.060000,0:05:45.200000,0:05:51.520000,0:05:50.500000,0:05:56.250000,0:06:02.260000,0:08:13.510000,2017-09-17 13:51:30.800000
Single-speed Men (all ages and categories),HEATH,GREG,1973,13337,2017-09-17 12:51:06.740000,0:05:33.800000,0:05:37.700000,0:05:50.760000,0:05:41.500000,0:05:38.770000,0:05:48.490000,0:05:48.510000,0:05:49.510000,0:05:50.510000,0:05:53.260000,2017-09-17 13:48:39.550000
Single-speed Men (all ages and categories),CONNOLLY,BRENDAN,1601,13293,2017-09-17 12:51:08.240000,0:05:38,0:05:33.760000,0:05:44.260000,0:05:49.990000,0:05:55.270000,0:05:52.990000,0:05:51.020000,0:05:46.250000,0:06:08.510000,0:06:02.500000,2017-09-17 13:49:30.790000
Single-speed Men (all ages and categories),HALL,PETER,1610,8879,2017-09-17 12:51:08.790000,0:05:51.200000,0:05:52.510000,0:05:47.500000,0:05:55.760000,0:06:02.760000,0:06:12,0:06:08.510000,0:06:11.260000,0:06:10.750000,0:06:01.010000,2017-09-17 13:51:22.050000
Single-speed Men (all ages and categories),STROUD,NICK,2,12990,2017-09-17 12:51:09.740000,0:05:23.750000,0:05:28.560000,0:05:29.710000,0:05:37.260000,0:05:34.790000,0:05:37.450000,0:05:54.020000,0:06:02.250000,0:06:01.510000,0:06:03.010000,0:06:40.740000,2017-09-17 13:55:02.790000
Single-speed Men (all ages and categories),REZ,REAR ADMIRAL,1712,13907,2017-09-17 12:51:10.290000,0:05:47.450000,0:05:40.760000,0:05:50.750000,0:06:54.260000,0:09:30.260000,0:06:48.510000,0:06:51.060000,0:07:17.950000,0:06:35.510000,2017-09-17 13:52:26.800000
Single-speed Men (all ages and categories),CARNEY,DYLAN,1758,11036,2017-09-17 12:51:10.980000,0:05:43.260000,0:05:42.510000,0:05:51.250000,0:05:49.510000,0:05:56.010000,0:05:57.500000,0:05:58.260000,0:06:00,0:05:59.510000,0:06:04.510000,2017-09-17 13:50:13.300000
Single-speed Men (all ages and categories),HOWARD,BRIAN,1813,10374,2017-09-17 12:51:11.230000,0:05:49.320000,0:05:49.750000,0:05:55.200000,0:06:00.270000,0:06:06.250000,0:06:11.250000,0:06:09.260000,0:06:12.250000,0:06:14.510000,0:06:07.010000,2017-09-17 13:51:46.300000
Single-speed Men (all ages and categories),GIZINSKI,CONNOR,78,11783,2017-09-17 12:51:12.230000,0:05:49.260000,0:05:45.010000,0:05:54.750000,0:05:53.310000,0:06:00.960000,0:06:06.500000,0:06:02.520000,0:06:11.740000,0:06:06.260000,0:05:59.260000,2017-09-17 13:51:01.800000
Single-speed Men (all ages and categories),HAMMOND,FRANKIE,1624,12536,2017-09-17 12:51:12.290000,0:05:49.700000,0:06:07.510000,0:06:37.510000,0:06:15.560000,0:06:32.760000,0:06:19.190000,0:06:27.060000,0:06:35.200000,0:06:20.330000,0:06:13.180000,2017-09-17 13:54:30.290000
Single-speed Men (all ages and categories),HOWE,ANDREW,1707,11963,2017-09-17 12:51:12.740000,0:05:49.560000,0:05:47.200000,0:05:54,0:05:50.270000,0:05:56.250000,0:05:59.010000,0:05:59.250000,0:06:09.550000,0:06:05.720000,0:05:51.750000,2017-09-17 13:50:35.300000
Single-speed Men (all ages and categories),LIEFKE,JOEL,1618,4098,2017-09-17 12:51:13.540000,0:06:05.750000,0:06:07.510000,0:06:49.460000,2017-09-17 13:10:16.260000
Single-speed Men (all ages and categories),RIGGS,CODY,1625,5962,2017-09-17 12:51:14.980000,0:05:54.510000,0:06:04.010000,0:06:19.760000,0:06:29.250000,0:06:37.260000,0:06:52.760000,0:06:43.250000,0:06:26.510000,0:06:14.250000,2017-09-17 13:48:56.540000
Single-speed Men (all ages and categories),SMITH,BRYAN,1621,5560,2017-09-17 12:51:15.480000,0:06:07.510000,0:07:27.760000,0:07:02.500000,0:06:20.010000,0:06:14,0:06:30.510000,0:07:49.510000,0:06:31.010000,0:06:05.510000,2017-09-17 13:51:23.800000
Single-speed Men (all ages and categories),STOWELL,JOSH,1759,13475,2017-09-17 12:51:15.790000,0:05:50.950000,0:06:06.260000,0:06:16.260000,0:06:11.260000,0:06:13.490000,0:06:18.320000,0:06:45.950000,0:06:33.760000,0:06:40.250000,0:06:25.760000,2017-09-17 13:54:38.050000
Single-speed Men (all ages and categories),MESSENGER,MATTHEW,1745,4640,2017-09-17 12:51:16.480000,0:06:01.760000,0:06:08.060000,0:06:25.710000,0:06:45.010000,0:07:10.750000,0:06:30.510000,0:06:46.250000,0:07:05.260000,0:07:09.750000,2017-09-17 13:51:19.540000
Single-speed Men (all ages and categories),GRANT,AARON,1622,13898,2017-09-17 12:51:16.790000,0:06:09.950000,0:06:13.570000,0:06:16.440000,0:06:23.760000,0:06:24.760000,0:06:32.560000,0:07:05.710000,0:06:40.050000,0:06:33.460000,2017-09-17 13:49:37.050000
Single-speed Men (all ages and categories),LASKOWSKI,DIETER,1612,10623,2017-09-17 12:51:17.730000,0:06:05.560000,0:05:59.710000,0:10:04.010000,0:06:20.010000,0:12:44.250000,0:06:09.570000,0:06:12.960000,0:06:05,2017-09-17 13:50:58.800000
Single-speed Men (all ages and categories),SCHAULAND,BEN,1627,11688,2017-09-17 12:51:19.480000,0:05:59.510000,0:05:57,0:06:12.270000,0:06:14.240000,0:06:18.520000,0:06:10.560000,0:06:17.200000,0:06:13.260000,0:06:19.250000,0:06:11.510000,2017-09-17 13:53:12.800000
Single-speed Men (all ages and categories),FOSTER,BRETT,1708,4397,2017-09-17 12:51:19.550000,0:06:12.700000,0:06:07.490000,0:06:12.320000,0:06:37.200000,0:06:35.510000,2017-09-17 13:23:04.770000
Single-speed Men (all ages and categories),ERICKSON,LANDON,1785,13326,2017-09-17 12:51:19.730000,0:06:00.560000,0:06:01.960000,0:06:14.260000,0:06:17.800000,0:06:40.460000,2017-09-17 13:22:34.770000
Single-speed Men (all ages and categories),BOWES,JIM,1611,13419,2017-09-17 12:51:22.230000,0:06:19.570000,0:06:24.510000,0:06:40.440000,0:06:59.760000,2017-09-17 13:17:46.510000
Single-speed Men (all ages and categories),HUBNER,TIM,1757,12894,2017-09-17 12:51:23.230000,0:05:58.760000,0:05:45.500000,0:07:22.510000,0:06:17.760000,0:07:06.060000,0:06:00.210000,0:06:03.750000,0:06:22.060000,0:06:36.710000,2017-09-17 13:48:56.550000
Single-speed Men (all ages and categories),LINDBLAD,REESE,1613,5771,2017-09-17 12:51:23.550000,0:06:15.440000,0:06:29.320000,0:06:39.250000,0:06:28.010000,0:06:33.960000,0:06:41,0:06:35.750000,0:07:00,0:07:09.270000,2017-09-17 13:51:15.550000
Single-speed Men (all ages and categories),MUSCLE FACE,ROOSEVELT,1634,13920,2017-09-17 12:51:23.550000,0:06:04.450000,0:06:16.500000,0:07:23.760000,0:06:42.760000,0:06:56.010000,0:07:19.500000,0:07:23.510000,0:07:12.500000,0:06:51.260000,2017-09-17 13:53:33.800000
Single-speed Men (all ages and categories),HAMSTER STYLE,LT.,1713,11580,2017-09-17 12:51:23.550000,2017-09-17 12:51:23.550000
Single-speed Men (all ages and categories),ROSSMAN,HAHN,1799,10111,2017-09-17 12:51:24.050000,0:05:54.740000,0:06:07.460000,0:06:14.510000,0:05:56.500000,0:06:16.500000,0:06:14.770000,0:06:18.740000,0:06:15.270000,0:06:14.260000,0:06:17,2017-09-17 13:53:13.800000
Single-speed Men (all ages and categories),COPENHAVER,MICHAEL,1608,10390,2017-09-17 12:51:24.050000,0:11:17.440000,0:08:11.770000,0:09:28.510000,0:10:49.510000,0:12:22.760000,0:10:41.010000,2017-09-17 13:54:15.050000
Single-speed Men (all ages and categories),DABROWSKI,DAMIEN,415,8165,2017-09-17 12:51:24.550000,0:05:51.690000,0:05:51.820000,0:06:04.700000,0:06:09.750000,0:06:08.500000,0:06:14.070000,0:06:20.700000,0:06:12.500000,0:06:26.760000,0:06:10.560000,2017-09-17 13:52:55.600000
Single-speed Men (all ages and categories),KIRKWOOD,ROBERT,1633,11370,2017-09-17 12:51:25.990000,0:06:02.760000,0:06:06.500000,0:06:19.760000,0:06:28,0:06:18.010000,0:06:18.250000,0:06:24.270000,0:06:14,0:06:22.760000,0:06:11.490000,2017-09-17 13:54:11.790000
Single-speed Men (all ages and categories),HODGES,GREG,1714,9237,2017-09-17 12:51:26.990000,0:06:50.510000,0:06:52.240000,0:06:54.770000,0:07:05.010000,2017-09-17 13:19:09.520000
Single-speed Men (all ages and categories),LOVE,ZACH,1626,13983,2017-09-17 12:51:27.280000,0:06:14.210000,0:06:14.510000,0:06:20.560000,0:06:32.200000,0:06:43.260000,0:06:46.560000,2017-09-17 13:30:18.580000
Single-speed Men (all ages and categories),RIVAS,MARIO,7,13332,2017-09-17 12:51:27.780000,0:06:19.950000,0:06:18.010000,0:06:24.820000,0:06:42.200000,0:06:47.060000,0:07:58.450000,0:09:49.760000,0:12:07.030000,2017-09-17 13:53:55.060000
Single-speed Men (all ages and categories),GEORGE,CHARLY,1623,11650,2017-09-17 12:51:28.990000,0:06:14.250000,0:06:17.760000,0:06:22.010000,0:06:31.760000,0:06:27.240000,0:06:36.070000,0:06:39.960000,0:06:37,0:06:35.760000,2017-09-17 13:49:50.800000
Single-speed Men (all ages and categories),FOGELSTROM,ANTHONY,1694,9361,2017-09-17 12:51:29.280000,0:06:22.710000,0:07:24.510000,0:07:28.260000,0:07:29.760000,0:07:47.750000,0:08:49.010000,0:07:19.010000,0:07:17.510000,2017-09-17 13:51:27.800000
Single-speed Men (all ages and categories),HARDER,SCOTT,1839,13540,2017-09-17 12:51:29.540000,0:06:29.700000,0:06:20.760000,0:06:20.010000,0:06:28.810000,0:06:25.950000,0:06:27.260000,0:06:31.500000,0:06:29.810000,0:08:48.700000,2017-09-17 13:51:52.040000
Single-speed Men (all ages and categories),DEMETER,ANDREW,1814,8626,2017-09-17 12:51:31.730000,0:07:00.020000,2017-09-17 12:58:31.750000
Single-speed Men (all ages and categories),DUMELIN,JOE,1997,12876,2017-09-17 12:51:34.490000,0:06:46.500000,0:06:50.570000,0:07:18.950000,0:07:13.010000,0:07:02.260000,0:07:14.740000,0:06:53.760000,0:07:02.010000,0:06:59.020000,2017-09-17 13:54:55.310000
Single-speed Men (all ages and categories),ORR,MARK,442,6200,2017-09-17 12:51:37.740000,0:07:02.750000,0:07:25.270000,0:09:44.500000,0:07:40.510000,2017-09-17 13:23:30.770000
Single-speed Men (all ages and categories),BEARE,ROBERT,1629,11420,2017-09-17 12:51:50.990000,0:08:39.250000,0:09:36.520000,0:09:13,0:09:44.520000,0:10:40.500000,0:09:50.010000,2017-09-17 13:49:34.790000
Cat 1-2 Master Men age 35+,WESTOVER,STEVE,469,10416,2017-09-17 12:52:02.230000,0:05:29.520000,0:05:27.750000,0:05:29.060000,0:05:41.450000,0:05:34.010000,0:05:34.060000,0:05:38.940000,0:05:38.760000,0:05:41.260000,0:05:32.250000,0:05:42.010000,2017-09-17 13:53:31.300000
Cat 1-2 Master Men age 35+,PHILLIPS,ZACK,402,11265,2017-09-17 12:52:03.240000,0:05:32.750000,0:05:44.260000,0:05:53.260000,0:06:20.060000,0:05:46,0:05:42.450000,0:05:48.010000,0:05:50.260000,0:05:55.510000,0:05:59.490000,2017-09-17 13:50:35.290000
Cat 1-2 Master Men age 35+,WILLIAMS,STEVEN,727,11991,2017-09-17 12:52:04.240000,0:05:25.260000,0:05:34.250000,0:05:33.750000,0:05:42.770000,0:05:43.490000,0:05:45.520000,0:05:43.250000,0:05:40.500000,0:05:47.010000,0:05:47.500000,2017-09-17 13:48:47.540000
Cat 1-2 Master Men age 35+,LAMB,ANDREW,616,6220,2017-09-17 12:52:07.240000,0:06:07.550000,0:06:19.960000,0:07:10,0:06:09.070000,0:06:41.700000,0:06:52.750000,0:06:47.760000,0:06:53.760000,0:07:00.060000,2017-09-17 13:52:09.850000
Cat 1-2 Master Men age 35+,MANTHEY,MIKE,403,11992,2017-09-17 12:52:08.240000,0:05:54.750000,0:05:49.510000,0:05:51.510000,0:05:54.500000,0:06:01.510000,0:06:03.010000,0:06:02.060000,2017-09-17 13:33:45.090000
Cat 1-2 Master Men age 35+,RAMIREZ,JC,401,6749,2017-09-17 12:52:09.240000,0:05:59,0:05:46.510000,0:05:42.060000,0:05:52.450000,0:05:54.760000,0:05:49.500000,0:06:04.020000,0:05:56.240000,0:05:59.010000,0:05:53.250000,2017-09-17 13:51:06.040000
Cat 1-2 Master Men age 35+,BAKKANE,JONAS,430,9946,2017-09-17 12:52:09.990000,0:06:02.250000,0:06:00.510000,0:06:03,0:06:02.020000,0:06:02.990000,0:06:00.010000,0:06:12.260000,0:06:13.250000,0:06:18.510000,0:06:24.560000,2017-09-17 13:53:29.350000
Cat 1-2 Master Men age 35+,HUMBERT,OLIVIER,481,4907,2017-09-17 12:52:10.240000,0:05:53.250000,0:05:47.750000,0:08:17.770000,0:10:13,0:05:54.760000,0:06:01.010000,0:05:53.760000,0:05:57.510000,0:06:00.750000,2017-09-17 13:52:09.800000
Cat 1-2 Master Men age 35+,MORROW,BRENT,472,11928,2017-09-17 12:52:10.990000,0:06:03.510000,0:06:00.010000,0:06:01.800000,0:05:54.700000,0:06:03.750000,0:05:58.070000,0:06:07.200000,0:06:04.260000,0:06:07,0:05:51.260000,2017-09-17 13:52:22.550000
Cat 1-2 Master Men age 35+,ANDERSON,ERIK,686,13835,2017-09-17 12:52:11.280000,0:05:52.770000,0:05:54.450000,0:06:16.260000,0:06:03.060000,0:06:04.750000,2017-09-17 13:22:22.570000
Cat 1-2 Master Men age 35+,ADSERO,NICK,431,12719,2017-09-17 12:52:11.780000,0:05:52.760000,0:05:50.710000,0:05:55.800000,0:06:00.710000,0:06:00.320000,0:05:58.500000,0:05:59.450000,0:06:04.820000,0:06:07.690000,0:06:06.010000,2017-09-17 13:52:08.550000
Cat 1-2 Master Men age 45+,UNDEM,CRAIG,888,6113,2017-09-17 12:53:03.240000,0:05:32.760000,0:05:31.750000,0:05:43.010000,0:05:41.240000,0:05:47.510000,0:05:41.260000,0:05:44.750000,0:05:47.020000,0:05:55.750000,0:06:04.510000,2017-09-17 13:50:32.800000
Cat 1-2 Master Men age 45+,JENSEN,STEVE,1164,4130,2017-09-17 12:53:04.730000,0:05:48.070000,0:05:46.210000,0:05:49,0:05:46.760000,0:05:52.300000,0:05:54.510000,0:05:47.700000,0:05:48.760000,0:05:53,0:05:46.060000,2017-09-17 13:51:17.100000
Cat 1-2 Master Men age 45+,KAUPER,GREGORY,841,11434,2017-09-17 12:53:04.790000,0:05:34.710000,0:05:46.250000,0:05:51.060000,0:05:58.960000,0:05:51.250000,0:05:55.060000,0:06:08.200000,0:06:09.750000,0:06:08.770000,0:05:57,2017-09-17 13:52:25.800000
Cat 1-2 Master Men age 45+,HARMAN,JUSTIN,840,11746,2017-09-17 12:53:05.040000,0:05:47.700000,0:06:09.760000,0:05:54.500000,0:05:57.520000,0:06:04,0:05:57.500000,0:05:58.500000,0:06:03.770000,0:06:08.250000,0:06:16.510000,2017-09-17 13:53:23.050000
Cat 1-2 Master Men age 45+,STRINGHAM,JACK,887,11047,2017-09-17 12:53:06.480000,0:05:55.520000,0:05:57.500000,0:06:00.250000,0:05:59.010000,0:06:10.520000,0:06:15.490000,0:06:03.260000,0:05:57.020000,0:05:59.500000,0:05:52.750000,2017-09-17 13:53:17.300000
Cat 1-2 Master Men age 45+,AVOLIO,PETER,1036,13812,2017-09-17 12:53:06.790000,0:05:40.450000,0:05:46.510000,0:05:45.310000,0:05:54.950000,0:05:53.560000,0:05:53.950000,0:05:50.270000,0:06:02.490000,0:05:54,0:05:51.770000,2017-09-17 13:51:40.050000
Cat 1-2 Master Men age 45+,CHRISTENSEN,JAMES,804,10317,2017-09-17 12:53:06.980000,0:05:46.570000,0:05:43.450000,0:05:42.060000,0:05:46.960000,0:05:49.990000,0:05:49.760000,0:05:49.760000,0:05:43.820000,0:05:38.690000,0:05:42.510000,2017-09-17 13:50:40.550000
Cat 1-2 Master Men age 45+,RODDE,CHRIS,886,4516,2017-09-17 12:53:07.290000,0:06:08.760000,0:05:46.500000,0:05:42.700000,0:05:48.510000,0:05:42.520000,0:05:44.490000,0:05:43.500000,0:05:49.510000,0:05:48.510000,0:05:51.010000,2017-09-17 13:51:13.300000
Cat 1-2 Master Men age 45+,MILLER,PAT,805,13910,2017-09-17 12:53:08.980000,0:05:56.010000,0:05:57.810000,0:05:54.960000,0:06:16.250000,0:05:59.010000,0:06:41.260000,2017-09-17 13:29:54.280000
Cat 1-2 Master Men age 45+,LEUSCHKE,RAINER,802,4247,2017-09-17 12:53:09.980000,0:06:05.010000,0:05:42.020000,0:05:43.060000,0:05:45.440000,0:05:43,0:05:41.510000,0:05:44.760000,0:05:44,0:05:45.560000,0:05:43.210000,2017-09-17 13:50:47.550000
Cat 1-2 Master Men age 45+,ROBINSON,STEVEN,808,8781,2017-09-17 12:53:10.300000,0:05:40.700000,0:05:45,0:05:42.510000,0:05:44.310000,0:05:49.760000,0:05:46.950000,0:05:51.250000,0:05:47,0:05:46.270000,0:06:12.750000,2017-09-17 13:51:16.800000
Cat 1-2 Master Men age 45+,CUMMINGS,JEFF,803,12973,2017-09-17 12:53:10.800000,0:05:42.950000,0:05:38,0:05:42.260000,0:05:45.010000,0:05:52.240000,0:06:00.270000,0:05:51.510000,0:05:53.740000,0:06:00.760000,0:06:16.250000,2017-09-17 13:51:53.790000
Cat 1-2 Master Men age 45+,HARMON,KEN,843,10860,2017-09-17 12:53:11.990000,0:06:03.250000,0:05:55.760000,0:06:00.510000,0:05:56.990000,0:05:54.020000,0:05:54.500000,0:06:33.510000,0:06:11.760000,0:06:16.260000,0:06:18,2017-09-17 13:54:16.550000
Cat 1-2 Master Men age 45+,MCINTOSH,DUNCAN,806,10476,2017-09-17 12:53:12.990000,0:05:54.250000,0:06:01,0:05:58.520000,0:06:03.060000,0:06:04.950000,0:06:02.760000,0:06:08.240000,0:06:02.270000,0:06:11.500000,0:06:17.760000,2017-09-17 13:53:57.300000
Cat 1-2 Master Men age 45+,HECKENLAIBLE,RICK,1110,11929,2017-09-17 12:53:13.550000,0:05:56.690000,0:05:55.250000,0:05:57.510000,0:05:59.510000,0:06:00.810000,0:05:57.950000,0:06:08.760000,0:06:09.500000,0:06:01.520000,0:05:59.740000,2017-09-17 13:53:20.790000
Cat 1-2 Master Men age 45+,MARLER,MICHAEL,1133,13016,2017-09-17 12:53:14.050000,0:06:04.440000,0:06:19.760000,0:06:24.510000,0:06:32.750000,0:06:53.310000,0:06:44.200000,0:06:50.510000,0:06:57.260000,0:06:54.260000,2017-09-17 13:52:55.050000
Cat 1-2 Master Men age 45+,BURTON,ROGER,842,11419,2017-09-17 12:53:14.550000,0:06:17.200000,0:06:20.750000,0:06:14.510000,0:06:12.740000,0:06:14.520000,0:06:18.510000,0:06:31.750000,0:06:30.260000,0:06:25.250000,2017-09-17 13:50:20.040000
Cat. 3 Men,MAGUN,ADRIAN,6,3601,2017-09-17 13:58:04.550000,0:05:29.510000,0:05:32,0:05:39.510000,0:05:42,0:05:52.760000,0:05:48.520000,0:05:51.500000,2017-09-17 14:38:00.350000
Cat. 3 Men,ZIVIN,SAM,4,5116,2017-09-17 13:58:05.800000,0:05:30.760000,0:05:39.750000,0:05:40.270000,0:05:47.760000,0:05:54.250000,0:06:01.760000,0:06:05.240000,2017-09-17 14:38:45.590000
Cat. 3 Men,CURRY,REID,296,5769,2017-09-17 13:58:06.110000,0:05:36.460000,0:05:50.490000,0:05:50.510000,0:06:01.760000,0:06:00.010000,0:06:04.760000,0:05:58.500000,2017-09-17 14:39:28.600000
Cat. 3 Men,PETERSON,TAYLOR,319,222,2017-09-17 13:58:06.300000,0:05:34.010000,0:12:13.510000,0:06:20.520000,0:06:02.750000,0:06:01.010000,0:06:05.500000,2017-09-17 14:40:23.600000
Cat. 3 Men,..,REZ,1712,13907,2017-09-17 13:58:09.310000,0:05:50.240000,0:05:53.270000,0:05:49.750000,0:05:59.010000,0:06:06.020000,0:06:05.500000,0:05:54.750000,2017-09-17 14:39:47.850000
Cat. 3 Men,LITSINGER,KURT,51,13464,2017-09-17 13:58:09.810000,0:05:47.500000,0:05:54.260000,0:05:56.010000,0:09:48.750000,0:06:10.520000,0:05:58,0:05:58,2017-09-17 14:43:42.850000
Cat. 3 Men,BOROUGHS,NICK,5,11112,2017-09-17 13:58:10.560000,0:05:38,0:05:47.260000,0:05:48.500000,0:05:49.510000,0:05:51.010000,0:06:57.010000,0:06:16.510000,2017-09-17 14:40:18.360000
Cat. 3 Men,HODGINS,BRENNAN,105,9570,2017-09-17 13:58:11.810000,0:05:54.250000,0:05:53.760000,0:05:56.510000,0:06:24.500000,0:06:17.760000,0:06:16.510000,0:06:28.760000,2017-09-17 14:41:23.860000
Cat. 3 Men,RICHARDSON,CHIP,50,13287,2017-09-17 13:58:11.860000,0:06:09.710000,0:06:18,0:06:13,0:06:11.260000,0:06:51.760000,0:06:09,0:06:10.010000,2017-09-17 14:42:14.600000
Cat. 3 Men,FRENCH,MASON,95,13687,2017-09-17 13:58:12.610000,0:05:53.510000,0:06:00.950000,0:06:08.510000,0:06:11.500000,0:06:02.760000,0:06:06,0:05:57.760000,2017-09-17 14:40:33.600000
Cat. 3 Men,BASALDUA,MATTHEW,40,13776,2017-09-17 13:58:13.060000,0:05:51.750000,0:05:56.010000,0:06:04.750000,0:05:58.510000,0:06:01.250000,0:05:54.270000,0:05:47.750000,2017-09-17 14:39:47.350000
Cat. 3 Men,PATTIS,ISAAC,396,13851,2017-09-17 13:58:13.310000,0:06:16.010000,0:06:17.750000,0:06:38.010000,0:06:31,0:06:35.510000,0:06:41.760000,0:06:33.300000,2017-09-17 14:43:46.650000
Cat. 3 Men,LUCKE,JORDAN,49,12009,2017-09-17 13:58:14.310000,0:08:11.750000,0:07:38.510000,0:06:42.260000,0:06:48.760000,0:06:43.760000,0:06:52.250000,2017-09-17 14:41:11.600000
Cat. 3 Men,GILES,BUCK,12,13750,2017-09-17 13:58:17.550000,0:06:24.020000,0:06:14.010000,0:06:26.240000,0:06:58.010000,0:07:32.770000,0:08:18.750000,2017-09-17 14:40:11.350000
Cat. 3 Men,RASOR,JEFF,48,8642,2017-09-17 13:58:19.550000,0:06:14.760000,0:06:17.260000,0:06:19.260000,0:06:21.750000,0:06:13.010000,0:06:30.260000,0:06:23.500000,2017-09-17 14:42:39.350000
Cat. 3 Men,MARSHALL,FRED,327,9555,2017-09-17 13:58:20.550000,0:06:23.760000,0:07:25.520000,0:06:53,0:07:33.760000,0:07:48.010000,0:07:56.750000,2017-09-17 14:42:21.350000
Cat 3 Master Men age 35+,SEGUIN,MATHEW,414,2891,2017-09-17 13:59:05.560000,0:05:52.260000,0:06:00.250000,0:06:01.250000,0:06:11.010000,0:06:15.750000,0:06:40.760000,0:06:19.510000,2017-09-17 14:42:26.350000
Cat 3 Master Men age 35+,MCMAHAN,BRENDAN,476,11376,2017-09-17 13:59:10.050000,0:05:53.520000,0:05:52.800000,0:05:55.010000,0:05:57.200000,0:05:55.250000,0:05:58.770000,0:05:56.250000,2017-09-17 14:40:38.850000
Cat 3 Master Men age 35+,ROUGHGARDEN,MARK,432,13374,2017-09-17 13:59:10.110000,0:05:51.460000,0:05:58.750000,0:06:01.500000,0:06:03.010000,0:06:00.270000,0:06:07.750000,0:05:59.510000,2017-09-17 14:41:12.360000
Cat 3 Master Men age 35+,COTA,JEFFERY,436,6846,2017-09-17 13:59:10.610000,0:06:01.710000,0:06:09.740000,0:06:14.770000,0:06:26.760000,2017-09-17 14:24:03.590000
Cat 3 Master Men age 35+,ROLCIK,MIKE,438,3754,2017-09-17 13:59:11.800000,0:06:01.270000,0:06:06.500000,0:06:13.260000,0:06:05.750000,0:06:05.010000,0:06:05.510000,0:06:02.760000,2017-09-17 14:41:51.860000
Cat 3 Master Men age 35+,PIERCE,JUSTIN,409,4365,2017-09-17 13:59:11.860000,0:06:12.760000,0:06:12.450000,0:06:14.250000,0:06:14.010000,0:06:09.770000,0:06:10.990000,0:06:16.510000,2017-09-17 14:42:42.600000
Cat 3 Master Men age 35+,JOHNSON,MATHEW,407,7372,2017-09-17 13:59:12.810000,0:05:56.250000,0:05:49.570000,0:05:52.690000,0:06:29.760000,0:06:52.020000,0:08:42,2017-09-17 14:38:55.100000
Cat 3 Master Men age 35+,HOLMES,EDWARD,470,10980,2017-09-17 13:59:13.060000,0:05:47.510000,0:05:49.250000,0:05:49.510000,0:05:58.260000,0:06:16.250000,0:06:17,0:06:02.320000,2017-09-17 14:41:13.160000
Cat 3 Master Men age 35+,HANSEN,JASON,434,9925,2017-09-17 13:59:13.800000,0:06:05.270000,0:06:06.250000,2017-09-17 14:11:25.320000
Cat 3 Master Men age 35+,JOSEPHSON,PAUL,413,8491,2017-09-17 13:59:14.810000,0:05:55.060000,0:05:54.950000,0:05:52.760000,0:05:54.500000,0:06:02.010000,0:06:03.250000,0:06:05.010000,2017-09-17 14:41:02.350000
Cat 3 Master Men age 35+,PLATIS,JOSH,475,13640,2017-09-17 13:59:15.810000,0:06:05.310000,0:05:59.700000,0:06:14.260000,0:06:11.250000,0:06:16.770000,0:06:07.740000,0:06:10.810000,2017-09-17 14:42:21.650000
Cat 3 Master Men age 35+,SUPER,PETE,664,8784,2017-09-17 13:59:16.060000,0:06:03.550000,0:05:57.960000,0:06:00.010000,0:06:13.740000,0:06:04.270000,0:06:18.550000,0:06:09.950000,2017-09-17 14:42:04.090000
Cat 3 Master Men age 35+,BALLAS,GARY,435,7411,2017-09-17 13:59:16.310000,0:06:07.750000,0:06:05.010000,0:06:08.760000,0:06:15.750000,0:06:12.750000,0:06:12.780000,0:06:04.240000,2017-09-17 14:42:23.350000
Cat 3 Master Men age 35+,EARLY,JEFFREY,410,7571,2017-09-17 13:59:17.060000,0:06:14.500000,0:06:24.250000,0:06:12.770000,0:06:16.010000,0:06:59.010000,0:06:26.010000,0:06:44.250000,2017-09-17 14:44:33.860000
Cat 3 Master Men age 35+,TURNER,NICHOLAS,412,11288,2017-09-17 13:59:17.600000,0:06:20.710000,0:06:14.010000,0:06:18.250000,0:06:21.010000,0:06:30.770000,0:06:28.490000,0:06:17.770000,2017-09-17 14:43:48.610000
Cat 3 Master Men age 35+,LIBERATOR,DANIEL,501,10671,2017-09-17 13:59:18.300000,0:06:29.020000,0:06:16.510000,0:06:26.490000,0:06:24.520000,0:06:27.010000,0:06:19.990000,0:06:06.020000,2017-09-17 14:43:47.860000
Cat 3 Master Men age 35+,BROWN,NICHOLAS,602,13485,2017-09-17 13:59:18.800000,0:06:40.270000,0:06:12.500000,0:06:14.510000,0:06:17.250000,0:06:05.010000,0:06:20.760000,0:06:14.250000,2017-09-17 14:43:23.350000
Cat 3 Master Men age 35+,PURSEHOUSE,CLIVE,433,13805,2017-09-17 13:59:19.810000,0:06:27.010000,0:06:40,0:06:50.010000,2017-09-17 14:19:16.830000
Cat 3 Master Men age 35+,MARTIN,JOE,712,13786,2017-09-17 13:59:19.860000,0:06:22.960000,0:06:06,0:06:10.500000,0:06:13.510000,0:06:13.510000,0:06:11.260000,0:07:01.010000,2017-09-17 14:43:38.610000
Cat 3 Master Men age 35+,HORTON,IAN,437,13422,2017-09-17 13:59:20.560000,0:06:29.500000,0:06:26.020000,0:06:22.990000,0:06:24.010000,0:06:29.020000,0:06:27,0:06:46.750000,2017-09-17 14:44:45.850000
Cat 3 Master Men age 35+,KROLL,ALDEN,576,9527,2017-09-17 13:59:21.360000,0:06:15.700000,0:06:21.010000,0:06:21.760000,0:06:16,0:06:19.270000,0:06:22.760000,0:06:23.490000,2017-09-17 14:43:41.350000
Cat 3 Master Men age 35+,CRAPE,CURTIS,663,4208,2017-09-17 13:59:21.600000,0:06:30.960000,0:06:27.250000,0:06:24.020000,0:06:33.750000,0:06:32.520000,0:06:26.810000,0:06:34.950000,2017-09-17 14:44:51.860000
Cat 3 Master Men age 35+,WADE,JUSTIN,641,10563,2017-09-17 13:59:22.820000,0:06:31.050000,0:06:07.950000,0:06:09.500000,0:06:09.510000,0:06:06.260000,0:06:09.760000,0:06:11.510000,2017-09-17 14:42:48.360000
Cat 3 Master Men age 35+,LOPEZ,RUY,404,8558,2017-09-17 13:59:22.860000,0:06:43.960000,0:06:37.760000,0:06:37.510000,0:06:35.250000,0:06:41.510000,0:06:45.500000,0:06:47.760000,2017-09-17 14:46:12.110000
Cat 3 Master Men age 35+,SWALE,MICHAEL,411,5366,2017-09-17 13:59:23.370000,0:06:10.690000,0:06:03.820000,0:06:28.700000,0:06:09.010000,0:06:01.510000,0:06:06.240000,0:07:12.770000,2017-09-17 14:43:36.110000
Cat 3 Master Men age 35+,STRALKA,JAMIE,670,8757,2017-09-17 13:59:23.370000,0:06:30,0:06:46.010000,0:06:42.750000,0:06:37.210000,0:06:53.510000,0:06:47.500000,2017-09-17 14:39:40.350000
Cat 3 Master Men age 35+,FERGUSON,COLIN,406,13833,2017-09-17 13:59:23.860000,0:06:15.950000,0:05:58.320000,0:05:58.750000,0:05:58.450000,0:05:56.270000,0:05:55.490000,0:05:52.510000,2017-09-17 14:41:19.600000
Cat 3 Master Men age 35+,BENNETT,MATT,474,13644,2017-09-17 13:59:27.560000,0:06:30.760000,0:06:34.500000,0:06:18.770000,0:06:45.740000,2017-09-17 14:25:37.330000
Cat 3 Master Men age 35+,KOLVE,ERIC,784,9148,2017-09-17 13:59:28.560000,0:07:06,0:07:09.270000,0:07:19.750000,0:07:24.010000,0:07:52.250000,0:07:40.270000,2017-09-17 14:44:00.110000
Single-speed Women (all ages and categories),CUTLER,JESSICA,1995,12792,2017-09-17 14:00:13.310000,0:05:56.760000,0:05:57.750000,0:06:00.810000,0:06:07.510000,0:06:09.950000,0:06:10.510000,0:06:08.250000,2017-09-17 14:42:44.850000
Single-speed Women (all ages and categories),KING,HILLARY,340,7318,2017-09-17 14:00:14.310000,0:05:56.010000,0:06:03.750000,0:06:08,0:06:12.510000,0:06:12.260000,0:06:09,0:06:10.010000,2017-09-17 14:43:05.850000
Single-speed Women (all ages and categories),STRALKA,LEA,2231,9963,2017-09-17 14:00:14.620000,0:06:17.940000,0:06:26.010000,0:06:29.760000,0:06:32.510000,0:06:42.510000,0:06:57.250000,2017-09-17 14:39:40.600000
Single-speed Women (all ages and categories),ESTEP,GINA,211,11884,2017-09-17 14:00:17.310000,0:06:10.260000,0:06:11.750000,0:06:13.250000,0:06:22.770000,0:06:28.510000,0:06:31.750000,2017-09-17 14:38:15.600000
Single-speed Women (all ages and categories),MIDDLETON,CORRIE,1635,7275,2017-09-17 14:00:18.560000,0:07:00.500000,0:07:02.260000,0:07:11.260000,0:07:11.820000,0:07:09.450000,0:07:19,2017-09-17 14:43:12.850000
Single-speed Women (all ages and categories),ROBERTSON ZIVIN,JULIE,2001,3310,2017-09-17 14:00:20.060000,2017-09-17 14:00:20.060000
Single-speed Women (all ages and categories),MACKINNON,HEATHER,1683,13748,2017-09-17 14:00:20.570000,0:07:32.500000,0:07:48,0:07:58.760000,0:08:52.020000,0:08:05.010000,2017-09-17 14:40:36.860000
Cat 3 Master Men age 45+,MCNEES,SCOTT,1030,13626,2017-09-17 14:49:39.110000,0:06:18.500000,0:06:21.020000,0:06:25.250000,0:06:26.250000,0:06:32.010000,0:06:31.060000,0:06:25.710000,2017-09-17 15:34:38.910000
Cat 3 Master Men age 45+,BENARCIK,PETER,812,7615,2017-09-17 14:49:39.860000,0:06:01.010000,0:05:52.800000,0:05:53.710000,0:06:02.760000,0:06:01.750000,0:06:02.510000,0:06:14.250000,2017-09-17 15:31:48.650000
Cat 3 Master Men age 45+,GJORDING,DAMON,1196,13632,2017-09-17 14:49:40.360000,0:05:59.010000,0:05:57.510000,2017-09-17 15:01:36.880000
Cat 3 Master Men age 45+,NEWBY-HOUSE,NIGEL,999,8667,2017-09-17 14:49:41.860000,0:06:36.010000,0:06:33.560000,0:06:28.710000,0:06:28.800000,0:06:29.510000,0:06:39.450000,0:06:56.260000,2017-09-17 15:35:54.160000
Cat 3 Master Men age 45+,BLACK,MICHAEL,1084,8244,2017-09-17 14:49:41.910000,0:06:13.950000,0:06:20.010000,0:06:18.760000,0:06:31.270000,0:06:16.500000,0:06:40.300000,0:06:31.950000,2017-09-17 15:34:34.650000
Cat 3 Master Men age 45+,PEARSON,DAVE,809,7846,2017-09-17 14:49:43.110000,0:06:08.510000,0:05:59.500000,0:06:00.760000,0:06:08.260000,0:06:09.560000,0:06:30.710000,0:06:50,2017-09-17 15:33:30.410000
Cat 3 Master Men age 45+,BARR,SCOTT,848,12726,2017-09-17 14:49:43.360000,0:05:55.260000,0:05:54.760000,2017-09-17 15:01:33.380000
Cat 3 Master Men age 45+,STOBIN,ERIC,889,6243,2017-09-17 14:49:43.410000,0:06:22.710000,0:06:28.760000,0:06:18.750000,0:06:27.760000,0:06:28.250000,0:06:23.010000,0:06:31.500000,2017-09-17 15:34:44.150000
Cat 3 Master Men age 45+,DRENNING,JOHN,814,11220,2017-09-17 14:49:44.410000,0:06:28.450000,0:06:31.510000,0:06:24.260000,0:06:33.010000,0:06:32.760000,0:06:31.490000,0:06:45.760000,2017-09-17 15:35:31.650000
Cat 3 Master Men age 45+,NOZAWA,KOZO,816,3840,2017-09-17 14:49:44.410000,0:06:01.460000,0:06:10.010000,0:06:05.750000,0:06:08.500000,0:06:15.010000,0:06:13.760000,0:06:09.750000,2017-09-17 15:32:48.650000
Cat 3 Master Men age 45+,HEINZELMAN,KEITH,1021,335,2017-09-17 14:49:44.660000,0:05:59.710000,0:06:01.510000,0:06:02.510000,0:06:08.990000,0:06:08.270000,0:06:19.250000,0:06:21.750000,2017-09-17 15:32:46.650000
Cat 3 Master Men age 45+,MURPHY,FORREST,1034,8636,2017-09-17 14:49:46.110000,0:06:23.020000,0:06:26.560000,0:06:28.940000,0:06:23.020000,0:06:17.250000,0:06:22.490000,0:06:13.760000,2017-09-17 15:34:21.150000
Cat 3 Master Men age 45+,NOVIKOFF,ANDREW,817,9816,2017-09-17 14:49:46.860000,0:06:31.570000,0:06:32.940000,0:06:27.510000,0:06:30.010000,0:06:34.010000,0:06:46.570000,0:06:25.450000,2017-09-17 15:35:34.920000
Cat 3 Master Men age 45+,EVANS,JEFF,845,9170,2017-09-17 14:49:47.860000,0:06:38.750000,0:06:43.510000,0:06:49.520000,0:06:47,0:07:05.750000,0:06:48.260000,0:06:52.020000,2017-09-17 15:37:32.670000
Cat 3 Master Men age 45+,STANIGAR,MATTHEW,890,10514,2017-09-17 14:49:48.410000,0:06:12.950000,0:06:12.260000,0:06:20.760000,0:06:17.270000,0:06:26.490000,0:06:27.820000,0:06:33.190000,2017-09-17 15:34:19.150000
Cat 3 Master Men age 45+,CLAEYS,PAUL,847,9473,2017-09-17 14:49:48.860000,0:06:21,2017-09-17 14:56:09.860000
Cat 3 Master Men age 45+,MECKLE,COLE,810,4034,2017-09-17 14:49:49.160000,0:06:38.950000,0:06:39.510000,0:06:38.270000,0:06:46,0:06:44.010000,0:09:46,2017-09-17 15:33:01.900000
Cat 3 Master Men age 45+,SALAMON,RANDY,1037,11354,2017-09-17 14:49:49.360000,0:06:18.010000,0:06:07,0:06:09.010000,0:07:19.510000,2017-09-17 15:15:42.890000
Cat 3 Master Men age 45+,LEWIS,TIM,1075,13780,2017-09-17 14:49:50.360000,0:06:22.560000,0:06:19.200000,0:06:23.260000,0:06:27.260000,0:06:23.010000,0:06:28.050000,0:06:11.210000,2017-09-17 15:34:24.910000
Cat 3 Master Men age 45+,NEUBECK,DAVID,891,889,2017-09-17 14:49:51.620000,0:06:47.750000,0:06:21.250000,0:06:26.760000,0:06:27.760000,0:06:33.750000,0:06:40.010000,0:06:25.260000,2017-09-17 15:35:34.160000
Cat 3 Master Men age 45+,GEARY,REEVE,811,7863,2017-09-17 14:49:53.100000,0:06:52.010000,0:06:53.770000,0:06:50.750000,0:06:55.520000,0:06:51.510000,0:07:03.250000,0:08:20.760000,2017-09-17 15:39:40.670000
Cat 3 Master Men age 45+,BORN,ROB,1001,13530,2017-09-17 14:49:54.620000,0:06:36.240000,0:06:22.760000,0:06:18.520000,0:06:30.250000,0:06:24.760000,0:06:34.250000,0:06:30.510000,2017-09-17 15:35:11.910000
Cat 3 Master Men age 45+,PLATT,TOM,846,11542,2017-09-17 14:49:56.110000,0:06:47.750000,0:06:35.510000,0:06:39.770000,0:07:04.740000,0:07:04.020000,0:06:44.510000,0:06:34.500000,2017-09-17 15:37:26.910000
Cat 3 Master Men age 45+,GEORGE,CHARLY,849,11650,2017-09-17 14:49:56.360000,0:06:46.500000,0:06:26.010000,0:06:22.760000,0:06:24.070000,0:06:21.940000,0:06:25.270000,0:06:26.740000,2017-09-17 15:35:09.650000
Cat 3 Master Men age 45+,GASPERS,BRETT,844,3152,2017-09-17 14:49:57.170000,0:06:38.450000,0:06:30.250000,0:06:32.020000,0:06:29.500000,0:06:31.250000,0:06:50.520000,0:06:58,2017-09-17 15:36:27.160000
Cat 3 Master Men age 45+,KIGER,NATHAN,1050,12921,2017-09-17 14:49:57.420000,0:06:38.240000,0:06:26.210000,0:06:26.510000,0:06:24.750000,0:06:28.020000,0:06:27,0:06:29.010000,2017-09-17 15:35:17.160000
Cat 3 Master Men age 45+,BISSELL,JOHN,884,9717,2017-09-17 14:49:57.920000,0:06:36.450000,0:07:04.760000,0:06:49.240000,0:06:43.020000,0:07:00.510000,0:06:57.250000,0:07:12.760000,2017-09-17 15:38:21.910000
Cat 3 Master Men age 45+,MOE,STEVEN,813,5518,2017-09-17 14:50:09.360000,0:06:29.510000,0:06:42.250000,0:06:42.260000,0:06:47.510000,0:06:59,0:06:49.260000,0:06:32.510000,2017-09-17 15:37:11.660000
Cat 3 Master Men age 55+,JOHNSON,KEVIN,1207,379,2017-09-17 14:50:40.360000,0:05:55.570000,0:06:00.450000,0:06:03.990000,0:06:08.510000,0:06:04.510000,0:06:10.010000,0:06:09.510000,2017-09-17 15:33:12.910000
Cat 3 Master Men age 55+,BROOKS,ERIK,1249,9501,2017-09-17 14:50:42.360000,0:06:23.260000,0:06:51.750000,0:06:28.260000,0:06:29.250000,0:06:52.270000,0:06:45.250000,0:06:44.520000,2017-09-17 15:37:16.920000
Cat 3 Master Men age 55+,HALL,TREVOR,1228,4344,2017-09-17 14:50:43.360000,0:06:13.510000,0:06:10.250000,0:06:05.760000,0:06:00.010000,0:06:06,0:06:03.260000,0:06:20.500000,2017-09-17 15:33:42.650000
Cat 3 Master Men age 55+,REEDY,TODD,1211,4971,2017-09-17 14:50:43.910000,0:06:05.710000,0:06:13.250000,0:06:11.510000,0:06:19.010000,0:06:17.500000,0:06:22.560000,0:06:09.450000,2017-09-17 15:34:22.900000
Cat 3 Master Men age 55+,MENDOZA,CHRISTOPHER,1206,10242,2017-09-17 14:50:46.870000,0:06:12.750000,0:06:12.760000,0:06:09.260000,0:06:13.500000,0:06:22.760000,0:06:20.500000,0:06:11.510000,2017-09-17 15:34:29.910000
Cat 3 Master Men age 55+,THORNTON-WIATT,DENNIS,1248,12691,2017-09-17 14:50:47.100000,0:06:42.020000,0:07:17.500000,2017-09-17 15:04:46.620000
Cat 3 Master Men age 55+,CONLEY,GLEN,1230,5839,2017-09-17 14:50:47.860000,0:06:13.010000,0:06:14.010000,0:06:25.750000,0:06:27.320000,0:06:31.510000,0:06:35.450000,0:06:31,2017-09-17 15:35:45.910000
Cat 3 Master Men age 55+,STANTON,DAVE,1210,6268,2017-09-17 14:50:50.610000,0:07:04.010000,0:07:19.510000,0:07:21,0:07:34.010000,0:07:58.320000,0:07:42.960000,2017-09-17 15:35:50.420000
Cat 3 Master Men age 55+,DINGER,PAUL,1250,4032,2017-09-17 14:50:52.110000,0:06:25.010000,0:06:31.750000,0:06:30.750000,0:06:28.020000,0:06:36.010000,0:06:31.250000,0:06:40.260000,2017-09-17 15:36:35.160000
Cat 3 Master Men age 55+,RAINFORTH,RUSS,1229,13703,2017-09-17 14:50:52.170000,0:07:11.200000,0:07:11.310000,0:07:26.200000,0:07:55.260000,0:07:25.760000,0:07:01.320000,2017-09-17 15:35:03.220000
Master Men (of any Category) age 60+,TANKSLEY,MICHAEL,96,4610,2017-09-17 14:51:48.860000,0:06:37.260000,0:06:44.260000,0:06:56.510000,0:06:48,0:06:47.760000,0:06:46.250000,2017-09-17 15:32:28.900000
Master Men (of any Category) age 60+,HEYWOOD,TOM,278,12644,2017-09-17 14:51:49.110000,0:07:22.510000,0:07:06.260000,0:07:22,2017-09-17 15:13:39.880000
Master Men (of any Category) age 60+,BENISH,FRANK,68,13727,2017-09-17 14:51:49.860000,0:06:51.020000,0:07:10.750000,0:07:09.010000,0:07:17.250000,0:07:27.260000,0:07:17.760000,2017-09-17 15:35:02.910000
Master Men (of any Category) age 60+,STUMPP,DENNIS,97,4078,2017-09-17 14:51:51.870000,0:07:08,0:07:20,0:07:35.760000,0:07:29.020000,0:07:54.750000,0:07:31.510000,2017-09-17 15:36:50.910000
Master Men (of any Category) age 60+,TAUSCHECK,STEVE,69,10940,2017-09-17 14:51:54.610000,0:06:54.260000,0:06:51.510000,0:06:57,0:06:55.760000,0:07:03.010000,0:07:08.750000,2017-09-17 15:33:44.900000
Master Men (of any Category) age 60+,GALPIN,AMOS,94,13400,2017-09-17 14:51:58.110000,0:07:16.510000,0:07:51.270000,0:07:32.740000,0:07:53.770000,0:07:26.510000,0:07:09,2017-09-17 15:37:07.910000
Master Men (of any Category) age 60+,WILL,MARSHALL,41,5259,2017-09-17 14:52:20.860000,0:06:43.010000,0:06:44.510000,0:06:47.060000,0:06:45.950000,0:06:50.770000,0:07:17.250000,2017-09-17 15:33:29.410000
